"","State","State_Abbr","Office","District","Special","Dem_Name","Rep_Name","Dem_Gender","Rep_Gender","Dem_Incumbent","Rep_Incumbent","Rep_Election_Denier","Dem_Fundraised","Rep_Fundraised","Open.Num","Dem_Man_Rep_Man","Dem_Woman_Rep_Man","Dem_Man_Rep_Woman","Dem_Woman_Rep_Woman","Fundraising_Prop","Dem_Margin_2020","District_DEM_Win","Dem_Margin_2022","Dem_Margin_Shift","Illegal.Status","Hostile.Status","Other.Status","Abortion_Salience","Share_Bachelors","Share_Above_75k","Share_White","Share_Female","Share_Age_15_to_44"
"1","Texas","TX","Representative","1",0,"Jrmar ""JJ"" Jefferson","Nathaniel Moran",1,1,0,0,0,28794,78080,1,1,0,0,0,0.269420064749144,-45.8725865410564,0,-56.2,-10.3,1,0,0,11,22.1,35.4460873009925,66.6,50.5,38.5116722739987
"2","Texas","TX","Representative","2",0,"Robin Fulford","Dan Crenshaw",0,1,0,1,0,95686,2416874,0,0,1,0,0,0.0380830706530391,-22.7659925686219,0,-31.8,-9,1,0,0,11,37.7,57.1759320161014,54.2,50.9,41.0741247055028
"3","Texas","TX","Representative","3",0,"Sandeep Srivastava","Keith Self",1,1,0,0,1,68334,269160,1,1,0,0,0,0.202474710661523,-14.3760816867848,0,-23.6,-9.2,1,0,0,11,48,62.7150146034115,60.2,50.5,39.4722448736053
"4","Texas","TX","Representative","4",0,"Iro Omere","Pat Fallon",0,1,0,1,1,14200,113826,0,0,1,0,0,0.110914970396638,-25.9053045892726,0,-35.8,-9.8,1,0,0,11,45.8,54.3412387378288,64.1,50.7,40.4991608343704
"5","Texas","TX","Representative","5",0,"Tartisha Hill","Lance Gooden",0,1,0,1,1,3000,217782,0,0,1,0,0,0.0135880642443677,-22.4247808377613,0,-30.1,-7.7,1,0,0,11,23.9,43.419109420452,51.4,51.4,39.486832732866
"6","Texas","TX","Representative","7",0,"Lizzie Fletcher","Johnny Teague",0,1,1,0,0,1119722,81275,0,0,1,0,0,0.932327058269088,29.7294011207307,1,27.6,-2.1,1,0,0,11,50.2,46.0436877390773,31.1,51.1,47.6040437356896
"7","Texas","TX","Representative","8",0,"Laura Jones","Morgan Luttrell",0,1,0,0,1,11580,1334823,1,0,1,0,0,0.00860069384872137,-27.1829994239263,0,-37.6,-10.4,1,0,0,11,33,54.4746598030111,50.1,47.7,40.0267672406969
"8","Texas","TX","Representative","9",0,"Al Green","Jimmy I. Leon",1,1,1,0,0,106053,0,0,1,0,0,0,1,53.4058374655755,1,53.4,0,1,0,0,11,33,34.9629728327186,18.7,52.5,42.4333489527328
"9","Texas","TX","Representative","10",0,"Linda Nuno","Michael McCaul",0,1,0,1,0,0,970436,0,0,1,0,0,0,-18.7757537282287,0,-29,-10.2,1,0,0,11,40.3,49.3498503956825,64.6,49.4,42.2818592908453
"10","Texas","TX","Representative","12",0,"Trey J. Hunt","Kay Granger",1,0,0,1,0,14590,517962,0,0,0,1,0,0.0273963857050579,-18.126636332032,0,-28.6,-10.4,1,0,0,11,35,49.5535607502503,59.5,51.7,42.5383629755171
"11","Texas","TX","Representative","13",0,"Kathleen Brown","Ronny Jackson",0,1,0,1,1,40716,1018039,0,0,1,0,0,0.0384564889894263,-45.4642885760838,0,-50.8,-5.3,1,0,0,11,25.6,37.759429922231,67.1,49,43.0039566712071
"12","Texas","TX","Representative","14",0,"Mikal Williams","Randy Weber",1,1,0,1,1,28985,316659,0,1,0,0,0,0.0838579578988786,-28.4992764340124,0,-40.4,-11.8,1,0,0,11,25.5,48.0234024759737,56.7,49.3,40.0568955563867
"13","Texas","TX","Representative","15",0,"Michelle Vallejo","Monica De La Cruz",0,0,0,0,1,905218,1340477,1,0,0,0,1,0.403090357328132,-2.87623180623836,0,-8.5,-5.6,1,0,0,11,21.3,33.002561076455,34.4,50.1,41.9588598809291
"14","Texas","TX","Representative","16",0,"Veronica Escobar","Irene Armendariz-Jackson",0,0,1,0,1,246292,95138,0,0,0,0,1,0.721354303956887,35.4189180338606,1,27,-8.5,1,0,0,11,27.1,31.5720680127207,29,50.5,43.5661667113402
"15","Texas","TX","Representative","17",0,"Mary Jo Woods","Pete Sessions",0,1,0,1,1,0,253890,0,0,1,0,0,0,-22.525244178552,0,-33,-10.5,1,0,0,11,27,38.8257169914355,57.1,50.6,42.3448578858617
"16","Texas","TX","Representative","18",0,"Sheila Jackson Lee","Carmen Maria Montiel",0,0,1,0,1,420382,66095,0,0,0,0,1,0.864135406195976,48.5479606702167,1,44.5,-4,1,0,0,11,27.4,36.845297700444,23,49.3,46.575266627386
"17","Texas","TX","Representative","20",0,"Joaquin Castro","Kyle Sinclair",1,1,1,0,0,133472,107341,0,1,0,0,0,0.55425579183848,33.0804624868005,1,36.8,3.7,1,0,0,11,24.8,35.00269194633,34,51.4,46.9121501300134
"18","Texas","TX","Representative","21",0,"Claudia Andreana Zapata","Chip Roy",0,1,0,1,0,31821,718640,0,0,1,0,0,0.0424019369427592,-19.6915227554165,0,-25.6,-5.9,1,0,0,11,46.2,54.516664772225,64.4,50.3,37.3859034769357
"19","Texas","TX","Representative","22",0,"Jamie Kaye Jordan","Troy E. Nehls",0,1,0,1,1,0,286216,0,0,1,0,0,0,-16.0360720605657,0,-26.7,-10.6,1,0,0,11,46.4,56.8271016167521,45.9,50.1,39.6177906114414
"20","Texas","TX","Representative","23",0,"John Lira","Tony Gonzales",1,1,0,1,0,227345,562821,0,1,0,0,0,0.287718023807656,-7.18534768634253,0,-17.1,-10,1,0,0,11,30.3,46.8502609767155,43.5,47.9,42.685075361451
"21","Texas","TX","Representative","24",0,"Jan McDowell","Beth Van Duyne",0,0,0,1,1,67028,531283,0,0,0,0,1,0.112028694107245,-12.3446307454655,0,-19.4,-7,1,0,0,11,53,61.7311246853381,67.6,49.9,37.9176507130655
"22","Texas","TX","Representative","27",0,"Maclovio Perez Jr.","Michael Cloud",1,1,0,1,1,0,233327,0,1,0,0,0,0,-22.3961044820669,0,-28.8,-6.3,1,0,0,11,21.8,39.9945601763061,47.7,49,39.9977559997988
"23","Texas","TX","Representative","28",0,"Henry Cuellar","Cassy Garcia",1,0,1,0,0,1220535,628730,0,0,0,1,0,0.660010869183162,7.03578045670011,1,13.4,6.4,1,0,0,11,20.3,36.3085950682277,33.9,50.6,40.7876276212475
"24","Texas","TX","Representative","29",0,"Sylvia Garcia","Robert Schafranek",0,1,1,0,0,170861,0,0,0,1,0,0,1,36.727593192405,1,42.8,6,1,0,0,11,11.7,29.9593665773714,17.8,48.5,43.6112120839487
"25","Texas","TX","Representative","30",0,"Jasmine Crockett","James Rodgers",0,1,0,0,0,136892,28782,1,0,1,0,0,0.826273283677584,56.7402035359266,1,53,-3.8,1,0,0,11,30.1,39.3006346979625,23.8,50.6,44.4489584067564
"26","Texas","TX","Representative","32",0,"Colin Allred","Antonio Swad",1,1,1,0,0,1198601,40347,0,1,0,0,0,0.967434468597552,32.9544159760572,1,30.8,-2.2,1,0,0,11,38,38.6191259360978,38.2,50.2,47.3514137486878
"27","Texas","TX","Representative","33",0,"Marc Veasey","Patrick David Gillespie",1,1,1,0,0,283774,0,0,1,0,0,0,1,49.8862104068178,1,46.4,-3.4,1,0,0,11,22.6,33.7668283277937,20.3,50.5,45.5189957826741
"28","Texas","TX","Representative","34",0,"Vicente Gonzalez","Mayra Flores",1,0,1,0,1,1143722,1309445,0,0,0,1,0,0.466222641997059,15.5139418441313,1,9.5,-6,1,0,0,11,18.1,29.1907804502726,30.9,50.9,41.9421253668408
"29","Texas","TX","Representative","35",0,"Greg Casar","Dan McQueen",1,1,0,0,0,287109,0,1,1,0,0,0,1,45.1312708234174,1,45.2,0,1,0,0,11,31.1,42.2851732136228,38,48.9,50.9225597200018
"30","Texas","TX","Representative","36",0,"Jon Haire","Brian Babin",1,1,0,1,1,31626,303495,0,1,0,0,0,0.0943718835883159,-31.5936662990389,0,-39,-7.4,1,0,0,11,24.3,44.2846555115305,52.7,50.8,40.5059911260557
"31","Texas","TX","Representative","37",0,"Lloyd Doggett","Jenny Garcia Sharon",1,0,1,0,1,458166,1350,0,0,0,1,0,0.997062126237171,52.6265585078871,1,55.7,2.9,1,0,0,11,61.6,53.4674016325882,59.3,49.3,51.1350194260451
"32","Texas","TX","Representative","38",0,"Duncan F. Klussmann","Wesley Hunt",1,1,0,0,0,92428,1538357,1,1,0,0,0,0.0566769991139237,-18.1261100001398,0,-27.5,-9.3,1,0,0,11,50.8,58.1130254100072,55,51.4,40.1973156195014
"33","Indiana","IN","Senator","0",0,"Thomas M. McDermott Jr.","Todd Young",1,1,0,1,0,571451,2036744,0,1,0,0,0,0.219098265275411,-16.0777908563315,0,-20.8,-4.7,0,1,0,9,28.879244833628,41.4316218113668,77.9978210354563,50.4123062275336,39.6048771779544
"34","Indiana","IN","Representative","1",0,"Frank J. Mrvan","Jennifer-Ruth Green",1,0,1,0,0,831945,1116519,0,0,0,1,0,0.426974786293203,8.35583628806913,1,5.6,-2.8,0,1,0,9,25.2,42.9330753743766,63.4,50.7,38.3378705765194
"35","Indiana","IN","Representative","2",0,"Paul D. Steury","Jackie Walorski",1,0,0,1,1,43875,288247,0,0,0,1,0,0.132105069823739,-22.569386470762,0,-32.2,-9.6,0,1,0,9,24.6,39.9080807865384,78.9,50.6,38.6305630882118
"36","Indiana","IN","Representative","3",0,"Gary L. Snyder","Jim Banks",1,1,0,1,0,27193,562754,0,1,0,0,0,0.0460939711533409,-29.8978986290114,0,-35.3,-5.4,0,1,0,9,24.3,40.3208294517013,82.1,50.1,38.2482937108693
"37","Indiana","IN","Representative","4",0,"Roger D. Day","Jim Baird",1,1,0,1,1,0,43558,0,1,0,0,0,0,-29.1345081741699,0,-36.4,-7.3,0,1,0,9,31.4,45.775490132244,83.6,49.6,41.2364540025899
"38","Indiana","IN","Representative","5",0,"Jeannine Lee Lake","Victoria Spartz",0,0,0,1,0,11441,810433,0,0,0,0,1,0.013920625302662,-15.9385179042757,0,-22.2,-6.2,0,1,0,9,40.8,46.5091214188358,83.7,50.8,39.4017837095519
"39","Indiana","IN","Representative","6",0,"Cynthia ""Cinde"" Wirth","Greg Pence",0,1,0,1,1,11221,418398,0,0,1,0,0,0.0261184910350799,-31.9266757503045,0,-35,-3.1,0,1,0,9,27.3,43.6564654733195,83.2,49.8,39.4348476966036
"40","Indiana","IN","Representative","7",0,"André D. Carson","Angela Grabovsky",1,0,1,0,0,143572,116935,0,0,0,1,0,0.551125305653975,42.3678033009255,1,36.4,-6,0,1,0,9,37.5,36.9693983051666,48.7,52,43.3433604354119
"41","Indiana","IN","Representative","8",0,"Ray McCormick","Larry D. Bucshon",1,1,0,1,0,50339,171832,0,1,0,0,0,0.226577726165881,-32.8325880786384,0,-34.2,-1.4,0,1,0,9,22.5,37.8296054122293,88.7,49.9,37.9172404834774
"42","Indiana","IN","Representative","9",0,"Matthew Fyfe","Erin Houchin",1,0,0,0,0,28466,195496,1,0,0,1,0,0.127101919075557,-27.3892973157805,0,-30,-2.7,0,1,0,9,26.6,39.3246975712749,89.2,50.2,39.8981257082849
"43","Ohio","OH","Senator","0",0,"Tim Ryan","J.D. Vance",1,1,0,0,1,22466976,5092005,1,1,0,0,0,0.815232464509482,-8.03443360054591,0,-6.6,1.4,0,1,0,9,30.7208462013855,41.5184850903863,77.3386405129976,50.6912850804884,38.3657680629833
"44","Ohio","OH","Representative","1",0,"Greg Landsman","Steve Chabot",1,1,0,1,1,1102806,587367,0,1,0,0,0,0.652481136546377,8.45825035216398,1,5.6,-2.9,0,1,0,9,45,47.3803766842396,69.3,50.7,41.6572542076236
"45","Ohio","OH","Representative","2",0,"Samantha Meadows","Brad Wenstrup",0,1,0,1,0,6130,243152,0,0,1,0,0,0.0245906242729118,-45.3587557774276,0,-49,-3.7,0,1,0,9,20.8,37.1936250633207,93.2,49.9,36.6048774777388
"46","Ohio","OH","Representative","3",0,"Joyce Beatty","Lee R. Stahley",0,1,1,0,0,325961,0,0,0,1,0,0,1,43.7639763913547,1,41,-2.7,0,1,0,9,44.2,42.6714840541866,55.2,50.8,47.3392609072057
"47","Ohio","OH","Representative","4",0,"Tamie Wilson","Jim Jordan",0,1,0,1,1,30773,2969673,0,0,1,0,0,0.0102561419202345,-35.6810440554467,0,-38.4,-2.7,0,1,0,9,28.5,44.7351258991633,86.4,49.6,37.3612458578502
"48","Ohio","OH","Representative","5",0,"Craig Swartz","Bob Latta",1,1,0,1,0,14285,241535,0,1,0,0,0,0.0558400437807834,-26.7954610200856,0,-33.8,-7,0,1,0,9,23.6,40.8452075794129,85.4,50.3,36.8218182650294
"49","Ohio","OH","Representative","6",0,"Louis G. Lyras","Bill Johnson",1,1,0,1,1,30881,218367,0,1,0,0,0,0.123896681217101,-28.7228710340334,0,-35.4,-6.7,0,1,0,9,20.4,33.3828030794917,87,50.2,34.9105406082083
"50","Ohio","OH","Representative","7",0,"Matthew Diemer","Max Miller",1,1,0,0,1,83981,480223,1,1,0,0,0,0.148848643398487,-9.22706606044397,0,-10.7,-1.5,0,1,0,9,36.6,50.2518104735662,85.9,50.7,35.2590807585067
"51","Ohio","OH","Representative","8",0,"Vanessa Enoch","Warren Davidson",0,1,0,1,1,0,241346,0,0,1,0,0,0,-22.0245623751113,0,-29.2,-7.2,0,1,0,9,30.5,46.9035688954695,76.5,50.9,38.0400015807878
"52","Ohio","OH","Representative","9",0,"Marcy Kaptur","J.R. Majewski",0,1,1,0,1,859259,287126,0,0,1,0,0,0.749537895209724,-2.91820965902539,1,13.2,16.1,0,1,0,9,27.7,38.6976853215365,76.5,50.9,36.9404313359728
"53","Ohio","OH","Representative","10",0,"David Esrati","Mike Turner",1,1,0,1,0,20954,176895,0,1,0,0,0,0.105909051852676,-3.51999060587031,0,-23.4,-19.9,0,1,0,9,31.5,39.8984413268954,72.8,51.4,38.9272853767995
"54","Ohio","OH","Representative","11",0,"Shontel Brown","Eric J. Brewer",0,1,1,0,0,929565,0,0,0,1,0,0,1,57.5981629925588,1,55.6,-2,0,1,0,9,32.8,29.7574566726744,43,52.7,40.9450830806455
"55","Ohio","OH","Representative","12",0,"Amy Rippel-Elton","Troy Balderson",0,1,0,1,0,0,400590,0,0,1,0,0,0,-30.8570738277114,0,-38.6,-7.7,0,1,0,9,25.8,44.1650763518233,89.1,50.2,38.3634709915067
"56","Ohio","OH","Representative","13",0,"Emilia Sykes","Madison Gesiotto Gilbert",0,0,0,0,0,930435,593758,1,0,0,0,1,0.610444346614897,2.8189921936737,1,5.4,2.6,0,1,0,9,33.8,40.9108193481743,77,51.2,37.0479339138474
"57","Ohio","OH","Representative","14",0,"Matt Kilboy","David P. Joyce",1,1,0,1,0,14299,588910,0,1,0,0,0,0.0237048850398452,-14.9441212232777,0,-23.4,-8.5,0,1,0,9,27.6,42.8536816438101,87,50.5,35.6277864534612
"58","Ohio","OH","Representative","15",0,"Gary Josephson","Mike Carey",1,1,0,1,0,31001,636839,0,1,0,0,0,0.046419801149976,-6.75792031801978,0,-14,-7.2,0,1,0,9,32.7,44.960701998043,74.9,50.4,39.609459964382
"59","West Virginia","WV","Representative","1",0,"Lacy Watson","Carol Miller",1,0,0,1,1,0,214146,0,0,0,1,0,0,-40.9031626997066,0,-37.9,3,1,0,0,5,21.4,28.8922222345909,91.5,50.8,34.6948910406132
"60","West Virginia","WV","Representative","2",0,"Barry Lee Wendell","Alexander X. Mooney",1,1,0,1,1,11883,450464,0,1,0,0,0,0.0257014752988556,-37.0134004516559,0,-31.1,5.9,1,0,0,5,26.8,39.1204539379225,89.9,49.7,37.6499341272105
"61","Nebraska","NE","Representative","1",0,"Patty Pansing Brooks","Mike Flood",0,1,0,0,0,668297,542991,1,0,1,0,0,0.551724280270258,-11.0615313095919,0,-15.8,-4.8,0,1,0,17,37.4,45.9355085637738,80.4,49.5,42.6821190040657
"62","Nebraska","NE","Representative","2",0,"Tony Vargas","Don Bacon",1,1,0,1,0,1581330,734278,0,1,0,0,0,0.682900560025704,6.31667342514217,0,-2.6,-9,0,1,0,17,41.3,48.5721621435195,71.6,50.3,41.6492042470637
"63","Nebraska","NE","Representative","3",0,"David J. Else","Adrian Smith",1,1,0,1,0,0,167909,0,1,0,0,0,0,-51.8342475613691,0,-62.5,-10.7,0,1,0,17,25,40.0075070236168,83.3,49.6,35.1381819581873
"64","Kentucky","KY","Senator","0",0,"Charles Booker","Rand Paul",1,1,0,1,0,1565535,4987117,0,1,0,0,0,0.23891624337749,-25.9512343146786,0,-23.6,2.3,1,0,0,16,26.9801781558462,36.7726168489126,83.3025235763386,50.5625811361793,38.8392985842444
"65","Kentucky","KY","Representative","1",0,"Jimmy C. Ausbrooks","James R. Comer",1,1,0,1,0,250,490999,0,1,0,0,0,0.000508906888360078,-42.7744974910068,0,-49.8,-7.1,1,0,0,16,20.4,32.8392372770265,85.6,50.6,37.3790240168635
"66","Kentucky","KY","Representative","2",0,"Hank Linderman","S. Brett Guthrie",1,1,0,1,0,22704,119925,0,1,0,0,0,0.159182213995751,-36.5735951160173,0,-43.8,-7.1,1,0,0,16,24.2,38.5598041283817,85.9,50.4,38.9081437464779
"67","Kentucky","KY","Representative","3",0,"Morgan McGarvey","Stuart N. Ray",1,1,0,0,0,1010411,139849,1,1,0,0,0,0.878419661641716,22.3482954157273,1,24,1.7,1,0,0,16,35.6,39.2847286685567,64.3,51.5,40.1293178069654
"68","Kentucky","KY","Representative","4",0,"Matthew Lehman","Thomas Massie",1,1,0,1,0,74279,232761,0,1,0,0,0,0.241919619593538,-32.7043455320192,0,-34,-1.4,1,0,0,16,32.1,47.0206344871454,88.1,50,38.6155259942703
"69","Kentucky","KY","Representative","5",0,"Conor Halbleib","Harold ""Hal"" Rogers",1,1,0,1,1,3530,219000,0,1,0,0,0,0.0158630297038602,-59.325543468302,0,-64.4,-5,1,0,0,16,14.5,23.1643645728519,94.4,50,36.5262227774841
"70","Kentucky","KY","Representative","6",0,"Geoffrey M. ""Geoff"" Young","Andy Barr",1,1,0,1,0,13807,750572,0,1,0,0,0,0.0180630289424487,-10.949757602468,0,-29.1,-18.1,1,0,0,16,35.3,39.2376908300475,81.2,50.9,41.4796181974103
"71","Oregon","OR","Senator","0",0,"Ron Wyden","Jo Rae Perkins",1,0,1,0,1,3175684,36430,0,0,0,1,0,0.988658559440917,16.1054175235141,1,14.9,-1.2,0,0,1,14,36.3310329353419,47.8357499328967,74.6427532673678,50.0363976350369,40.046300712056
"72","Oregon","OR","Representative","1",0,"Suzanne Bonamici","Christopher A. Mann",0,1,1,0,1,176655,0,0,0,1,0,0,1,38.9844050243735,1,36,-3.3,0,0,1,14,47.8,54.1000047114886,68.4,49.8,43.8139436768273
"73","Oregon","OR","Representative","2",0,"Joe Yetter","Cliff S. Bentz",1,1,0,1,0,25396,298795,0,1,0,0,0,0.0783365361777471,-24.3168230599926,0,-35.1,-10.6,0,0,1,14,24,37.2149466192171,78.3,49.5,35.588867385287
"74","Oregon","OR","Representative","3",0,"Earl Blumenauer","Joanna Harbour",1,0,1,0,0,247652,5400,0,0,0,1,0,0.978660512463841,46.9748735469441,1,43.6,-3.7,0,0,1,14,42,52.2818729584653,68.2,49.9,43.6554635673953
"75","Oregon","OR","Representative","4",0,"Val Hoyle","Alek Skarlatos",0,1,0,0,0,766993,1527424,1,0,1,0,0,0.334286661927627,12.6339206307823,1,7.4,-5.4,0,0,1,14,31.5,40.1041455195095,81.8,50.6,38.5390147230965
"76","Oregon","OR","Representative","5",0,"Jamie McLeod-Skinner","Lori Chavez-DeRemer",0,0,0,0,0,1470369,967504,1,0,0,0,1,0.603136012417382,8.7761648325919,0,-2.1,-10.9,0,0,1,14,37.8,53.6187650737413,80.6,50.2,37.4390390963063
"77","Oregon","OR","Representative","6",0,"Andrea Salinas","Mike Erickson",0,1,0,0,0,1417119,501550,1,0,1,0,0,0.738594827977103,13.0697218066307,1,2.5,-10.6,0,0,1,14,34.8,49.8445738936385,70.4,50.2,41.3501458923691
"78","Idaho","ID","Senator","0",0,"David Roth","Mike Crapo",1,1,0,1,0,32918,668013,0,1,0,0,0,0.0469632531590128,-30.7971695448188,0,-32,-1.2,1,0,0,10,30.7152069951001,44.0282353483734,81.4385958821057,49.7973879005094,39.8834145307306
"79","Idaho","ID","Representative","1",0,"Kaylee Peterson","Russ Fulcher",0,1,0,1,1,29125,99160,0,0,1,0,0,0.227033558093308,-38.1614428922187,0,-45,-6.8,1,0,0,10,28.2,45.2651918182515,82.5,49.8,38.192091446333
"80","Idaho","ID","Representative","2",0,"Wendy Norman","Mike Simpson",0,1,0,1,0,4470,183626,0,0,1,0,0,0.0237644607009187,-22.9429565383149,0,-27.2,-4.3,1,0,0,10,33.5,42.7514138689488,80.4,49.8,41.6373584687297
"81","North Carolina","NC","Senator","0",0,"Cheri Beasley","Ted Budd",0,1,0,0,0,15501364,5035019,1,0,1,0,0,0.754824449855654,-1.35092964768635,0,-3.2,-1.9,0,1,0,11,34.9128550828968,41.4169237865917,62.4334362414301,51.196626494788,39.2643293695993
"82","North Carolina","NC","Representative","1",0,"Don Davis","Sandy Smith",1,0,0,0,1,525308,400451,1,0,0,1,0,0.567434937170473,7.28975488396754,1,4.8,-2.5,0,1,0,11,21.9,30.5593469387755,48,51.6,37.8355299348582
"83","North Carolina","NC","Representative","2",0,"Deborah K. Ross","Christine E. Villaverde",0,0,1,0,0,635161,46400,0,0,0,0,1,0.931920987263062,28.6523107630892,1,29.4,0.6,0,1,0,11,59.8,58.9439793079757,58.6,51.3,44.2779751261362
"84","North Carolina","NC","Representative","3",0,"Barbara D. Gaskins","Greg Murphy",0,1,0,1,1,7750,719158,0,0,1,0,0,0.0106615967907906,-25.3179788740063,0,-33.8,-8.5,0,1,0,11,24.1,34.816708204298,66,48.8,39.5800683169254
"85","North Carolina","NC","Representative","4",0,"Valerie P. Foushee","Courtney Geels",0,0,0,0,0,99094,177378,1,0,0,0,1,0.358423276136462,34.9898362186287,1,33.8,-1.2,0,1,0,11,45.8,44.7476753036169,55.3,51.6,42.1703241822197
"86","North Carolina","NC","Representative","5",0,"Kyle Parrish","Virginia Foxx",1,0,0,1,1,4150,505932,0,0,0,1,0,0.00813594676934297,-21.2545019194997,0,-26.4,-5.1,0,1,0,11,30.1,34.3583555529606,76,51.3,37.6306709230806
"87","North Carolina","NC","Representative","6",0,"Kathy Manning","Christian Castelli",0,1,1,0,0,1180059,344192,0,0,1,0,0,0.774189421558523,12.3784428452019,1,8.9,-3.5,0,1,0,11,33.7,39.2306941128535,51.6,52.3,38.7262839206076
"88","North Carolina","NC","Representative","7",0,"Charles Graham","David Rouzer",1,1,0,1,1,53715,278633,0,1,0,0,0,0.161622756869306,-12.7193411930594,0,-15.4,-2.7,0,1,0,11,30.8,38.2313760358952,62.7,51.8,36.2502440800688
"89","North Carolina","NC","Representative","8",0,"Scott Huffman","Dan Bishop",1,1,0,1,1,13145,449819,0,1,0,0,0,0.0283931363993745,-34.0090702371727,0,-39.8,-5.7,0,1,0,11,25.4,41.1701486939242,72.1,50.5,36.4000587279059
"90","North Carolina","NC","Representative","9",0,"Ben Clark","Richard Hudson",1,1,0,1,1,55317,886736,0,1,0,0,0,0.058719626178145,-7.96482017455297,0,-13,-5,0,1,0,11,28.9,37.687968307399,59.1,50.9,40.641706277757
"91","North Carolina","NC","Representative","10",0,"Pam Genant","Patrick McHenry",0,1,0,1,0,34936,563578,0,0,1,0,0,0.0583712327531186,-39.4688946675494,0,-45.3,-5.8,0,1,0,11,24.6,38.7756949193451,77.2,51.1,35.6238566260384
"92","North Carolina","NC","Representative","11",0,"Jasmine Beach-Ferrara","Chuck Edwards",0,1,0,0,0,521194,229284,1,0,1,0,0,0.69448271634878,-10.1349644794063,0,-9.3,0.8,0,1,0,11,35.6,37.0090668890764,85,51.2,34.573523530196
"93","North Carolina","NC","Representative","12",0,"Alma S. Adams","Tyler Lee",0,1,1,0,0,153055,113381,0,0,1,0,0,0.57445315197646,30.1033937145351,1,25.4,-4.8,0,1,0,11,39.9,46.0177504285398,42.9,52.2,42.6780757810483
"94","North Carolina","NC","Representative","13",0,"Wiley Nickel","Bo Hines",1,1,0,0,1,1284684,718892,1,1,0,0,0,0.641195542370242,1.69401399665834,1,3.2,1.5,0,1,0,11,38.3,48.3903887516787,61.3,51,39.7811323008373
"95","North Carolina","NC","Representative","14",0,"Jeff Jackson","Pat Harrigan",1,1,0,0,0,1736680,392454,1,1,0,0,0,0.815674353986175,16.3618913427472,1,15.4,-1,0,1,0,11,49.7,50.5719990494971,58,51.3,43.4966376470989
"96","Pennsylvania","PA","Senator","0",0,"John Fetterman","Mehmet Oz",1,1,0,0,0,23545207,10161294,1,1,0,0,0,0.698536077654575,1.1857308730739,1,4.9,3.7,0,1,0,12,34.5449028563258,46.2094345410441,74.8584547922348,50.6355726942247,37.8990803495449
"97","Pennsylvania","PA","Representative","1",0,"Ashley Ehasz","Brian Fitzpatrick",0,1,0,1,0,465743,629707,0,0,1,0,0,0.425161349217217,4.63989053341369,0,-9.8,-14.4,0,1,0,12,44.6,62.4266778460584,81.6,50.6,35.5409683255786
"98","Pennsylvania","PA","Representative","2",0,"Brendan F. Boyle","Aaron Bashir",1,1,1,0,1,249977,0,0,1,0,0,0,1,42.7384507796786,1,51.4,8.7,0,1,0,12,26.6,36.7818011986173,37.6,50.7,41.8174874314219
"99","Pennsylvania","PA","Representative","4",0,"Madeleine Dean","Christian Nascimento",0,1,1,0,0,416911,131510,0,0,1,0,0,0.760202472188337,18.9295384945417,1,22.6,3.7,0,1,0,12,48.7,62.799659542527,76.9,50.9,36.5861180254202
"100","Pennsylvania","PA","Representative","5",0,"Mary Gay Scanlon","David Galluch",0,1,1,0,0,382763,359272,0,0,1,0,0,0.515828768184789,32.2771692963692,1,30.2,-2.1,0,1,0,12,42.7,50.1428930236978,60.1,52,39.4334596172232
"101","Pennsylvania","PA","Representative","6",0,"Chrissy Houlahan","Guy Ciarrocchi",0,1,1,0,0,1124998,363263,0,0,1,0,0,0.755914453177232,14.714202271707,1,16.6,1.8,0,1,0,12,47.9,59.3178366128104,71.3,50.3,38.1146415223049
"102","Pennsylvania","PA","Representative","7",0,"Susan Wild","Lisa Scheller",0,0,1,0,0,2421256,1300250,0,0,0,0,1,0.650611875944846,0.621218273855617,1,2,1.4,0,1,0,12,31.3,47.5345677851086,70.1,50.7,37.8374418851887
"103","Pennsylvania","PA","Representative","8",0,"Matt Cartwright","Jim Bognet",1,1,1,0,1,1522324,1131479,0,1,0,0,0,0.573638661196781,-2.90816125860374,1,2.4,5.3,0,1,0,12,27.9,42.0822479202084,75.9,49.9,36.2508660784101
"104","Pennsylvania","PA","Representative","9",0,"Amanda R. Waldman","Dan Meuser",0,1,0,1,1,8950,433305,0,0,1,0,0,0.020237193474353,-36.5258657678569,0,-38.6,-2.1,0,1,0,12,23.2,40.0722679774732,88.7,49.8,35.1965140657759
"105","Pennsylvania","PA","Representative","10",0,"Shamaine Daniels","Scott Perry",0,1,0,1,1,189366,1057229,0,0,1,0,0,0.15190659356086,-4.13271333039683,0,-7.6,-3.5,0,1,0,12,33.6,48.6934316007241,73.7,50.1,38.4194117700929
"106","Pennsylvania","PA","Representative","11",0,"Bob Hollister","Lloyd K. Smucker",1,1,0,1,1,104834,118548,0,1,0,0,0,0.469303703968986,-21.2548863544773,0,-23,-1.7,0,1,0,12,28.9,50.6560008669913,83.4,50.6,36.8556480971195
"107","Pennsylvania","PA","Representative","12",0,"Summer Lee","Mike Doyle",0,1,0,0,0,417129,81252,1,0,1,0,0,0.836968102716596,19.9502372922384,1,12.4,-7.5,0,1,0,12,40.6,42.0693948331826,74.3,51.5,41.3998149616706
"108","Pennsylvania","PA","Representative","16",0,"Dan Pastore","Mike Kelly",1,1,0,1,1,169323,240935,0,1,0,0,0,0.412723213197549,-20.6383669294359,0,-18.8,1.9,0,1,0,12,29.3,40.5103602691899,88.2,50.6,35.7222854612879
"109","Pennsylvania","PA","Representative","17",0,"Chris Deluzio","Jeremy Shaffer",1,1,0,0,0,1600905,803092,1,1,0,0,0,0.665934691266254,5.8333259991375,1,6.8,1,0,1,0,12,45.2,51.8070516847735,83,50.8,36.004414281655
"110","Virginia","VA","Representative","9",0,"Taysha DeVaughan","H. Morgan Griffith",0,1,0,1,0,19072,91064,0,0,1,0,0,0.17316771990993,-41.8947572999385,0,-46.7,-4.9,0,0,1,10,23,31.6199010397637,88,49.9,36.1708999734461
"111","Alabama","AL","Senator","0",0,"Will Boyd","Katie Britt",1,0,0,0,1,50840,3531472,1,0,0,1,0,0.0141919520131133,-25.4616529547425,0,-35.9,-10.4,0,1,0,12,27.4328872672989,36.2875522411272,65.1182757039507,51.4691330760652,38.3646465975261
"112","Alabama","AL","Representative","2",0,"Phyllis Harvey-Hall","Barry Moore",0,1,0,1,1,11672,191361,0,0,1,0,0,0.0574881915747686,-29.3705922901532,0,-39.9,-10.5,0,1,0,12,24.9,33.2880698351115,60.5,51.7,38.3672711431811
"113","Alabama","AL","Representative","3",0,"Lin Veasey","Mike Rogers",0,1,0,1,1,1300,954360,0,0,1,0,0,0.00136031643052969,-34.0260124801945,0,-46.1,-12,0,1,0,12,23.2,31.5983583031973,67.9,51.1,39.1980191019134
"114","Alabama","AL","Representative","4",0,"Rick Neighbors","Robert Aderholt",1,1,0,1,1,9010,357328,0,1,0,0,0,0.0245947731330083,-61.6634398637096,0,-70.5,-8.7,0,1,0,12,19.1,32.4962276750303,82.5,51.1,36.1421439141439
"115","Alabama","AL","Representative","5",0,"Kathy Warner-Stanton","Dale Strong",0,1,0,0,1,6035,310035,1,0,1,0,0,0.0190938716107191,-26.9899277753421,0,-37.6,-10.5,0,1,0,12,36.5,46.9557120330596,71.6,50.8,38.5685729327761
"116","Alabama","AL","Representative","7",0,"Terrycina Sewell","Beatrice Nichols",0,0,1,0,0,242945,15990,0,0,0,0,1,0.938247050418059,32.0516896663467,1,28.7,-3.3,0,1,0,12,21.9,27.3883654385504,35.9,52.7,41.1775547218495
"117","Arkansas","AR","Senator","0",0,"Natalie James","John Boozman",0,1,0,1,0,13935,1377221,0,0,1,0,0,0.0100168492965562,-27.6206679031294,0,-34.6,-7,1,0,0,6,25.2744799076242,34.5207932920776,69.9247593518735,50.6366554512373,38.8712944385637
"118","Arkansas","AR","Representative","1",0,"Monte Hodges","Rick Crawford",1,1,0,1,1,12950,129303,0,1,0,0,0,0.0910349869598532,-40.9063014310023,0,-47.6,-6.7,1,0,0,6,18.4,28.3813724200483,74.4,50.3,36.6613173624081
"119","Arkansas","AR","Representative","2",0,"Quintessa Hathaway","French Hill",0,1,0,1,0,0,735158,0,0,1,0,0,0,-13.1245101954414,0,-24.7,-11.6,1,0,0,6,33.2,37.7852878654803,69.2,51.4,39.8153564803103
"120","Arkansas","AR","Representative","3",0,"Lauren Mallett-Hays","Steve Womack",0,1,0,1,0,11624,398698,0,0,1,0,0,0.0283289709057764,-23.4169458561181,0,-30.8,-7.4,1,0,0,6,30.3,42.8317599029324,65.3,50.4,42.2033537862193
"121","Arkansas","AR","Representative","4",0,"John White","Bruce Westerman",1,1,0,1,0,0,485454,0,1,0,0,0,0,-35.246619971769,0,-44.8,-9.6,1,0,0,6,19.2,28.8335175737935,70.8,50.4,36.7221769341252
"122","Georgia","GA","Senator","0",0,"Raphael Warnock","Herschel Junior Walker",1,1,1,0,0,35622857,15054373,0,1,0,0,0,0.702936151009043,0.253476955603721,1,2.8,2.6,0,1,0,11,34.6278982360489,44.7642891008468,51.8754920336614,51.2004093497831,40.8382429442072
"123","Georgia","GA","Representative","1",0,"Wade Herring","Earl L. ""Buddy"" Carter",1,1,0,1,0,562532,414031,0,1,0,0,0,0.576032473071374,-13.3842381993265,0,-18.2,-4.8,0,1,0,11,28.2,38.7132356661686,58.5,51,41.2998324958124
"124","Georgia","GA","Representative","2",0,"Sanford Bishop","Chris West",1,1,1,0,0,694626,340266,0,1,0,0,0,0.671206270799272,10.374593500414,1,10,-0.3,0,1,0,11,21.8,30.6785202219252,42,51.2,40.1808656231845
"125","Georgia","GA","Representative","3",0,"Val Almonord","Drew Ferguson",1,1,0,1,0,145,280240,0,1,0,0,0,0.000517146067014997,-30.1137145632026,0,-37.4,-7.4,0,1,0,11,27.8,44.6418364233789,65.5,51.1,38.8028373930643
"126","Georgia","GA","Representative","4",0,"Henry C. ""Hank"" Johnson Jr.","Jonathan Chavez",1,1,1,0,0,36514,0,0,1,0,0,0,1,57.7066503548109,1,57,-0.7,0,1,0,11,41.9,45.6311812160295,27.4,53,42.0072973401724
"127","Georgia","GA","Representative","5",0,"Nikema Williams","Christian Zimm",0,1,1,0,0,138499,11224,0,0,1,0,0,0.925034897777896,66.5250768070946,1,65,-1.4,0,1,0,11,55.1,48.5157650377597,38.3,50.9,48.3655811462938
"128","Georgia","GA","Representative","6",0,"Bob Christian","Rich McCormick",1,1,0,0,1,23623,1252980,1,1,0,0,0,0.0185045781656474,-14.7609127650792,0,-24.4,-9.5,0,1,0,11,58.4,67.8794362948579,65.5,50.4,37.5852475059821
"129","Georgia","GA","Representative","7",0,"Lucy McBath","Mark Gonsalves",0,1,1,0,1,1423129,216632,0,0,1,0,0,0.867888064175206,25.8119500904381,1,22.1,-3.7,0,1,0,11,40.2,49.0735623158464,32.4,51,41.226774873845
"130","Georgia","GA","Representative","8",0,"Darrius Butler","Austin Scott",1,1,0,1,0,0,175500,0,1,0,0,0,0,-27.627747610313,0,-37.2,-9.6,0,1,0,11,22,34.2478625121937,58.4,50.6,40.5958304233629
"131","Georgia","GA","Representative","9",0,"Michael ""Mike"" Ford","Andrew Clyde",1,1,0,1,1,5075,202336,0,1,0,0,0,0.0244683261736359,-37.8859079401797,0,-44.8,-6.9,0,1,0,11,30.7,46.2405933193518,65.6,50.9,36.977736847124
"132","Georgia","GA","Representative","10",0,"Tabitha Johnson-Green","Mike Collins",0,1,0,0,1,1429,527584,1,0,1,0,0,0.00270125686892383,-23.4209697441313,0,-29,-5.6,0,1,0,11,30.6,44.70682045507,64,51.2,41.3690235315541
"133","Georgia","GA","Representative","11",0,"Antonio Daza","Barry Loudermilk",1,1,0,1,1,12315,200132,0,1,0,0,0,0.0579673989277326,-15.2902659857765,0,-25.2,-9.9,0,1,0,11,44.7,54.8807014699524,64.1,51.6,42.195979080245
"134","Georgia","GA","Representative","12",0,"Elizabeth ""Liz"" Johnson","Rick W. Allen",0,1,0,1,1,62773,259336,0,0,1,0,0,0.194881235854944,-10.144791495553,0,-19.2,-9,0,1,0,11,25,34.9274740556094,52.4,49.9,40.826648155204
"135","Georgia","GA","Representative","13",0,"David Scott","Caesar Gonzales",1,1,1,0,1,128350,3765,0,1,0,0,0,0.971502100442796,60.3535426979298,1,63.6,3.2,0,1,0,11,33.2,42.7166820185422,18.2,53.7,41.3102555002154
"136","Georgia","GA","Representative","14",0,"Marcus Flowers","Marjorie Taylor Greene",1,0,0,1,1,2348202,1424754,0,0,0,1,0,0.622377255393384,-37.4296941438667,0,-31.8,5.6,0,1,0,11,23.2,42.5274099542654,71.3,50.6,39.2463367701838
"137","New Mexico","NM","Representative","1",0,"Melanie Ann Stansbury","Michelle Garcia Holmes",0,0,1,0,0,481506,116185,0,0,0,0,1,0.805610256804938,14.4620585376992,1,11.5,-2.9,0,0,1,13,39.3,42.3017499296231,53.7,50.4,38.9691014874767
"138","New Mexico","NM","Representative","2",0,"Gabriel Vasquez","Yvette Herrell",1,0,0,1,1,1583185,1330445,0,0,0,1,0,0.543372013605022,5.88275263296969,1,0.7,-5.1,0,0,1,13,23.4,33.0843603951042,38.4,49.8,41.2307841327362
"139","New Mexico","NM","Representative","3",0,"Teresa Leger Fernandez","Alexis Martinez Johnson",0,0,1,0,0,1007926,147631,0,0,0,0,1,0.872242563542949,10.7356235997013,1,16.4,5.6,0,0,1,13,26.6,33.357878689204,43.2,50.6,37.645187925367
"140","Mississippi","MS","Representative","1",0,"Dianne Black","Trent Kelly",0,1,0,1,1,8869,247811,0,0,1,0,0,0.0345527505064672,-31.6893896263446,0,-46,-14.3,1,0,0,12,24.3,35.6919167019644,65.1,51.6,39.5355762240351
"141","Mississippi","MS","Representative","2",0,"Bennie G. Thompson","Brian Flowers",1,1,1,0,1,265355,6600,0,1,0,0,0,0.975731279071905,26.0817909892503,1,20.2,-5.9,1,0,0,12,22.2,23.663794982058,30.9,51.3,38.349746814789
"142","Mississippi","MS","Representative","3",0,"Shuwaski A. Young","Michael Guest",1,1,0,1,0,25300,209944,0,1,0,0,0,0.107547907704341,-24.3268235696541,0,-41.4,-17.1,1,0,0,12,28,35.1389269703131,59.4,51.3,39.927107406911
"143","Mississippi","MS","Representative","4",0,"Johnny L. DuPree ","Mike Ezell",1,1,0,0,0,40509,375510,1,1,0,0,0,0.0973729565236203,-37.9864588546034,0,-48.7,-10.8,1,0,0,12,24.6,35.2845961418531,68.2,51.1,38.6910340518588
"144","Montana","MT","Representative","1",0,"Monica Tranel","Ryan K. Zinke",0,1,0,0,0,1595998,1882284,1,0,1,0,0,0.458846637506677,-6.87589032182666,0,-3.1,3.8,0,0,1,9,39,41.3769053178951,86.5,49.1,39.9137156210678
"145","Montana","MT","Representative","2",0,"Penny Ronning","Matt Rosendale",0,1,0,1,1,62428,455588,0,0,1,0,0,0.120513652087966,-26.8418100550096,0,-34.6,-7.7,0,0,1,9,30.5,41.7086308292718,83.6,49.3,36.8917333216539
"146","Iowa","IA","Senator","0",0,"Michael Franken","Chuck Grassley",1,1,0,1,0,3413950,1782203,0,1,0,0,0,0.657014910838846,-8.19760939776009,0,-12.2,-4,0,1,0,16,30.5410523094746,43.6456288394861,84.4545343225144,49.7893099419087,39.1644553736378
"147","Iowa","IA","Representative","1",0,"Christina Bohannan","Mariannette Miller-Meeks",0,0,0,1,0,1342708,1127185,0,0,0,0,1,0.543630027697556,-2.88325413845787,0,-6.9,-4,0,1,0,16,31.8,42.8741066860961,85.1,49.7,39.1752746042237
"148","Iowa","IA","Representative","2",0,"Liz Mathis","Ashley Hinson",0,0,0,1,0,1803166,1702432,0,0,0,0,1,0.514367591492236,-4.38883019006908,0,-8.3,-3.9,0,1,0,16,29.1,42.7525002663906,87.2,50.1,37.8954352541852
"149","Iowa","IA","Representative","3",0,"Cindy Axne","Zach Nunn",0,1,1,0,0,2064020,1004919,0,0,1,0,0,0.672551653845189,-0.344731800084042,0,-0.6,-0.2,0,1,0,16,35,46.8892477925902,81.3,50,40.6136490316106
"150","Iowa","IA","Representative","4",0,"Ryan Melton","Randy Feenstra",1,1,0,1,0,12602,464065,0,1,0,0,0,0.0264377437498295,-25.970603764781,0,-36.9,-10.9,0,1,0,16,26.1,42.0109265080078,84.4,49.3,38.9466696171719
"151","New Jersey","NJ","Representative","1",0,"Donald W. Norcross","Claire Gustafson",1,0,1,0,0,339576,0,0,0,0,1,0,1,24.4445217581467,1,27.2,2.8,0,0,1,11,35.8,52.8608927408581,61.1,51.5,39.20350545624
"152","New Jersey","NJ","Representative","2",0,"Tim Alexander","Jeff Van Drew",1,1,0,1,0,165120,621328,0,1,0,0,0,0.209956665920697,-5.02282659828843,0,-18.8,-13.9,0,0,1,11,31.6,49.4568417568217,65.8,50.2,35.0363348767504
"153","New Jersey","NJ","Representative","3",0,"Andy Kim","Bob Healey",1,1,1,0,0,2202438,607764,0,1,0,0,0,0.78372942585622,14.1135101144817,1,11.8,-2.2,0,0,1,11,47.1,64.369286202996,67.1,50.7,37.1386908536382
"154","New Jersey","NJ","Representative","4",0,"Matthew Jenkins","Christopher H. Smith",1,1,0,1,0,19345,285020,0,1,0,0,0,0.0635585563386066,-22.4750041970565,0,-35.6,-13.1,0,0,1,11,38.6,54.7917430748258,82.8,51.5,32.7762073689376
"155","New Jersey","NJ","Representative","5",0,"Josh Gottheimer","Frank T. Pallotta",1,1,1,0,0,2563606,345236,0,1,0,0,0,0.881314970012122,12.3985553824029,1,10.4,-2,0,0,1,11,54.1,66.5317030847657,59.9,50.7,34.7599941126405
"156","New Jersey","NJ","Representative","6",0,"Frank Pallone Jr.","Susan M. Kiley",1,0,1,0,0,532442,116861,0,0,0,1,0,0.820020853130203,19.6881219975756,1,16.4,-2.9,0,0,1,11,42.5,58.8731513527727,46.1,50.6,41.0594763713343
"157","New Jersey","NJ","Representative","7",0,"Tom Malinowski","Thomas H. Kean Jr.",1,1,1,0,0,3445039,1710273,0,1,0,0,0,0.66825034061954,3.65911196142426,0,-2.8,-6.6,0,0,1,11,54,68.8559010855487,72,50.3,34.7008586607364
"158","New Jersey","NJ","Representative","8",0,"Robert J. Menendez","Marcos Arroyo",1,1,0,0,0,215876,0,1,1,0,0,0,1,44.7512199190891,1,50.1,4.8,0,0,1,11,41,48.0138043894263,29.7,50.6,46.7451070038256
"159","New Jersey","NJ","Representative","9",0,"Bill Pascrell Jr.","Billy Prempeh",1,1,1,0,0,262704,88506,0,1,0,0,0,0.747996924916717,19.0181244424408,1,11.3,-7.6,0,0,1,11,34.6,50.7493238078438,41.6,50.7,41.065838966778
"160","New Jersey","NJ","Representative","10",0,"Donald M. Payne Jr.","David H. Pinckney",1,1,1,0,0,82700,0,0,1,0,0,0,1,62.5163387510693,1,57.6,-4.4,0,0,1,11,31.4,41.9806179755781,21,51.6,41.4441697032795
"161","New Jersey","NJ","Representative","11",0,"Mikie Sherrill","Paul DeGroot",0,1,1,0,0,1746788,169354,0,0,1,0,0,0.911617197472839,16.82204281883,1,18.7,1.8,0,0,1,11,58.5,69.3121509108488,64,50.4,36.6460821923505
"162","New Jersey","NJ","Representative","12",0,"Bonnie Watson Coleman","Darius Mayfield",0,1,1,0,1,145386,67335,0,0,1,0,0,0.683458614805308,34.342166853714,1,27.1,-7.4,0,0,1,11,47.2,61.2824477458089,42.5,50.4,38.4738688022159
"163","California","CA","Senator","0",0,"Alex Padilla","Mark P. Meuser",1,1,1,0,0,3168817,297914,0,1,0,0,0,0.914064863988582,29.1709864400076,1,22.2,-7,0,0,1,10,36.186787085437,55.2871559244305,39.3593979035949,49.9999592230316,41.6789728159321
"164","California","CA","Representative","1",0,"Max Steiner","Doug LaMalfa",1,1,0,1,1,219355,233989,0,1,0,0,0,0.48385993858968,-18.9955636870435,0,-24.2,-5.1,0,0,1,10,22.5,39.6452617151114,65.6,49.5,39.4401916183905
"165","California","CA","Representative","2",0,"Jared Huffman","Douglas Brower",1,1,1,0,0,151664,5907,0,1,0,0,0,0.962512137385686,49.4775730592526,1,48.8,-0.7,0,0,1,10,42,56.1604346351552,67.9,50.3,35.0676770808397
"166","California","CA","Representative","3",0,"Kermit Jones","Kevin Kiley",1,1,0,0,0,1332081,1169273,1,1,0,0,0,0.532543974183582,-1.78393822673104,0,-7.2,-5.4,0,0,1,10,42.1,60.0004021070409,71.9,50.1,34.8808397501884
"167","California","CA","Representative","4",0,"Mike Thompson","Matt Brock",1,1,1,0,0,326121,2250,0,1,0,0,0,0.993147994189499,36.564063018775,1,35.6,-1,0,0,1,10,36.7,55.6866891872711,58.2,50.6,40.747076071558
"168","California","CA","Representative","5",0,"Michael J. ""Mike"" Barkley","Tom McClintock",1,1,0,1,0,13361,407887,0,1,0,0,0,0.0317176580066849,-12.3344193263517,0,-22.6,-10.3,0,0,1,10,32.4,53.1717831527888,64.2,50.1,35.9552261578127
"169","California","CA","Representative","6",0,"Ami Bera","Tamika Hamilton",1,0,1,0,0,227107,303264,0,0,0,1,0,0.428204030763371,18.4236583272823,1,11.8,-6.7,0,0,1,10,28.9,49.2036759443552,50.7,51.2,41.8766905529884
"170","California","CA","Representative","7",0,"Doris Matsui","Max Semenenko",0,1,1,0,0,138764,4152,0,0,1,0,0,0.970947969436592,37.171418975057,1,36.6,-0.5,0,0,1,10,34.1,54.1790384258962,35.3,50.5,42.9186558821595
"171","California","CA","Representative","8",0,"John Garamendi","Rudy Recile",1,1,1,0,0,257746,6105,0,1,0,0,0,0.976861941019742,54.0001680415996,1,51.4,-2.6,0,0,1,10,31.5,55.4722580141346,27.5,51.3,41.1352915951973
"172","California","CA","Representative","9",0,"Josh Harder","Tom Patti",1,1,1,0,0,2133008,603806,0,1,0,0,0,0.779376311287504,12.6099675921871,1,9.6,-3,0,0,1,10,20.5,53.6917808792626,32.2,50,41.5392103418737
"173","California","CA","Representative","11",0,"Nancy Pelosi","John Dennis",0,1,1,0,1,15995076,142742,0,0,1,0,0,0.991154814114275,74.5543674278022,1,68,-6.6,0,0,1,10,65.4,64.8427379006835,43.4,48.7,46.4369040734526
"174","California","CA","Representative","12",0,"Barbara Lee","Stephen Slauson",0,1,1,0,0,578965,0,0,0,1,0,0,1,80.7079189086363,1,81,0.3,0,0,1,10,52.6,57.4182238919363,35.8,51.3,45.4885424375751
"175","California","CA","Representative","13",0,"Adam Gray","John Duarte",1,1,0,0,0,839944,1046342,1,1,0,0,0,0.445289844700114,10.8352603909545,0,-0.4,-11.3,0,0,1,10,13.6,38.5470117021669,27,48.9,43.3869283348781
"176","California","CA","Representative","14",0,"Eric Swalwell","Alison Hayden",1,0,1,0,1,1196979,0,0,0,0,1,0,1,45.4590576655125,1,38.6,-6.9,0,0,1,10,45.3,69.0157290207161,28.3,49.9,40.105766086256
"177","California","CA","Representative","17",0,"Ro Khanna","Ritesh Tandon",1,1,1,0,0,1940962,55536,0,1,0,0,0,0.972183292945948,47.4187500828067,1,41.8,-5.6,0,0,1,10,62.4,77.0832296615003,22.8,47.7,45.9331546608291
"178","California","CA","Representative","18",0,"Zoe Lofgren","Peter Hernandez",0,1,1,0,0,276598,118242,0,0,1,0,0,0.70053186100699,44.0465315709998,1,31.8,-12.3,0,0,1,10,22.7,59.4594722138327,21.9,49.3,43.0457459894104
"179","California","CA","Representative","19",0,"Jimmy Panetta","Jeff Gorman",1,1,1,0,0,502485,18585,0,1,0,0,0,0.964333007081582,39.5917288602451,1,37.4,-2.2,0,0,1,10,47.2,64.7191085419173,52.1,49.9,39.2606076558328
"180","California","CA","Representative","20",0,"Marisa Wood","Kevin McCarthy",0,1,0,1,1,215234,11289364,0,0,1,0,0,0.0187085198457173,-24.8925822343468,0,-34.4,-9.5,0,0,1,10,28.8,51.5954582519193,56.4,50.6,41.293209566315
"181","California","CA","Representative","21",0,"Jim Costa","Michael Maher",1,1,1,0,0,596214,153670,0,1,0,0,0,0.795074971595607,20.2727601315314,1,8.4,-11.9,0,0,1,10,16.9,35.1205386796098,26.7,49.3,43.6529603021373
"182","California","CA","Representative","22",0,"Rudy Salas","David G. Valadao",1,1,0,1,0,1218515,754599,0,1,0,0,0,0.617559350346711,12.8927744375279,0,-3,-16,0,0,1,10,9.7,30.6274273836223,31.7,47.4,45.5589821504035
"183","California","CA","Representative","23",0,"Derek Marshall","Jay Obernolte",1,1,0,1,0,351042,289701,0,1,0,0,0,0.547867085555363,-9.82664383400971,0,-22,-12.2,0,0,1,10,21.6,43.9015146933724,50.6,49.4,41.4450022724705
"184","California","CA","Representative","24",0,"Salud Carbajal","Brad Allen",1,1,1,0,0,453076,8000,0,1,0,0,0,0.982649281246476,29.0617740357613,1,21.2,-7.8,0,0,1,10,38.4,55.3528304988766,56.7,49.8,42.5684432894714
"185","California","CA","Representative","25",0,"Raul Ruiz","Brian E. Hawkins",1,1,1,0,0,391028,113955,0,1,0,0,0,0.774338938142472,15.3077650979638,1,14.8,-0.5,0,0,1,10,15.5,38.4083072988329,30.1,48.9,39.3780291843437
"186","California","CA","Representative","26",0,"Julia Brownley","Matt Jacobs",0,1,1,0,0,628126,974432,0,0,1,0,0,0.39195211655366,19.9763206021333,1,9,-10.9,0,0,1,10,35.8,62.3544096582771,51.3,50,39.0925639101346
"187","California","CA","Representative","27",0,"Christy Smith","Mike Garcia",0,1,0,1,1,1801428,2022120,0,0,1,0,0,0.471140417225049,12.3629375525473,0,-6.4,-18.8,0,0,1,10,29.7,57.6825868878186,38.6,50.1,40.541804268599
"188","California","CA","Representative","28",0,"Judy Chu","Wes Hallman",0,1,1,0,0,692097,45872,0,0,1,0,0,0.937840207379985,33.8773106883177,1,32.4,-1.8,0,0,1,10,47.2,57.5521011925172,31.1,51.2,37.1128064126781
"189","California","CA","Representative","31",0,"Grace F. Napolitano","Daniel Bocic Martinez",0,1,1,0,0,29750,0,0,0,1,0,0,1,31.0342244944479,1,19,-12.1,0,0,1,10,25.1,53.1805967383247,19.2,50.1,41.4683434577382
"190","California","CA","Representative","32",0,"Brad Sherman","Lucie Lapointe Volotzky",1,0,1,0,0,459930,25640,0,0,0,1,0,0.947196078835183,40.7320128556613,1,38.4,-2.4,0,0,1,10,52.6,59.6081250511052,54.4,51.6,39.7287078062318
"191","California","CA","Representative","33",0,"Pete Aguilar","John Mark Porter",1,1,1,0,0,615949,3432,0,1,0,0,0,0.994458984050205,25.3418747166279,1,15.4,-9.9,0,0,1,10,20.9,50.4363413158737,22.9,50.3,44.6668780348547
"192","California","CA","Representative","35",0,"Norma J. Torres","Mike Cargile",0,1,1,0,1,110977,21015,0,0,1,0,0,0.840785805200315,27.9628229156391,1,14.8,-12.8,0,0,1,10,23.2,53.5779990688298,19.4,49.4,45.5409938906408
"193","California","CA","Representative","36",0,"Ted W. Lieu","Joe E. Collins III",1,1,1,0,1,348391,258445,0,1,0,0,0,0.574110632856324,44.1225622779175,1,39.6,-4.5,0,0,1,10,65,64.0691369182106,55.2,50.9,41.3798254677638
"194","California","CA","Representative","38",0,"Linda T. Sánchez","Eric J. Ching",0,1,1,0,1,199242,91414,0,0,1,0,0,0.6854907519542,30.1946174902072,1,16.2,-14,0,0,1,10,30.3,57.1485945567242,20.1,50.5,39.6885208436958
"195","California","CA","Representative","39",0,"Mark Takano","Aja Smith",1,0,1,0,1,272230,8921,0,0,0,1,0,0.968269719830269,26.1300806303487,1,15.4,-10.8,0,0,1,10,18.6,51.3323901058692,21.4,50.6,47.5768756406032
"196","California","CA","Representative","40",0,"Asif Mahmood","Young Kim",1,0,0,1,0,883344,3804953,0,0,0,1,0,0.188414684479247,1.86956603649174,0,-13.6,-15.5,0,0,1,10,51,68.2678827165147,51.4,50.6,36.7950746133959
"197","California","CA","Representative","41",0,"Will Rollins","Ken Calvert",1,1,0,1,1,1724563,984432,0,1,0,0,0,0.636606195286444,-1.09314686225861,0,-4.6,-3.5,0,0,1,10,29.4,56.3868306298833,47,49.3,36.8486221980262
"198","California","CA","Representative","42",0,"Robert Garcia","John Briscoe",1,1,0,0,1,282463,14675,1,1,0,0,0,0.95061217346822,45.8255311798238,1,36.8,-9,0,0,1,10,26.8,44.6479909610335,26.3,50.6,44.3731669333965
"199","California","CA","Representative","43",0,"Maxine Waters","Omar Navarro",0,1,1,0,1,292754,1995,0,0,1,0,0,0.99323152919942,63.7825438103963,1,54.6,-9.2,0,0,1,10,21.5,45.1819711924759,10.3,51.9,42.8950228211258
"200","California","CA","Representative","44",0,"Nanette Diaz Barragan","Paul Jones",0,1,1,0,0,143013,0,0,0,1,0,0,1,48.2063959245273,1,44.4,-3.8,0,0,1,10,22.3,48.7637404797713,23.5,50.6,43.0023089787577
"201","California","CA","Representative","45",0,"Jay F. Chen","Michelle Steel",1,0,0,1,0,1735483,1344402,0,0,0,1,0,0.563489545875901,6.18405725678188,0,-4.8,-10.9,0,0,1,10,36.8,58.3682516677679,30.8,50.8,37.8313075900225
"202","California","CA","Representative","46",0,"Lou Correa","Christopher J. Gonzales",1,1,1,0,0,189441,24688,0,1,0,0,0,0.884705014267101,30.4064713584804,1,23.6,-6.8,0,0,1,10,22.6,51.9265353516759,25.2,49.9,46.0097576940487
"203","California","CA","Representative","47",0,"Katie Porter","Scott Baugh",0,1,1,0,0,5756969,867953,0,0,1,0,0,0.868986683918694,11.0789357222707,1,3.4,-7.7,0,0,1,10,58.7,66.0576797598852,52.1,50.9,40.3873645865323
"204","California","CA","Representative","48",0,"Stephen Houlahan","Darrell Issa",1,1,0,1,1,27932,366679,0,1,0,0,0,0.0707836324887041,-12.3301787645785,0,-20.8,-8.5,0,0,1,10,35.2,60.5796351918525,58.5,50.3,38.6327166069778
"205","California","CA","Representative","49",0,"Mike Levin","Brian Maryott",1,1,1,0,0,1649266,2114405,0,1,0,0,0,0.438206740174686,11.4093843827174,1,5.2,-6.2,0,0,1,10,47.6,63.9077740573591,59.3,48.8,39.9451347257455
"206","California","CA","Representative","50",0,"Scott Peters","Corey Gustafson",1,1,1,0,0,250964,28307,0,1,0,0,0,0.8986396725761,33.0987873792097,1,25.6,-7.6,0,0,1,10,59.2,61.7203041208243,58.4,48.1,45.4128507798374
"207","California","CA","Representative","51",0,"Sara Jacobs","Stan Caplan",0,1,1,0,0,512079,56008,0,0,1,0,0,0.901409467211888,27.2918893323412,1,23.8,-3.5,0,0,1,10,45.1,58.266477670269,49.6,51.1,45.2890395065451
"208","California","CA","Representative","52",0,"Juan Vargas","Tyler Geffeney",1,1,1,0,0,99000,8180,0,1,0,0,0,0.923679791005785,36.8623335738178,1,33.4,-3.5,0,0,1,10,23.8,48.6218016092026,22.3,49.1,44.45061883649
"209","Virginia","VA","Representative","6",0,"Jennifer Lewis","Ben L. Cline",0,1,0,1,1,74584,240663,0,0,1,0,0,0.236589087287111,-22.0985320953737,0,-29,-7.4,0,0,1,10,28.6,42.0344551565398,79.8,51.3,38.6414463797205
"210","Maine","ME","Representative","1",0,"Chellie Pingree","Edwin Thelander",0,1,1,0,0,116562,122716,0,0,1,0,0,0.487140480946848,22.8053534937894,1,25.8,3,0,0,1,10,43.3,50.5933483863301,89.1,51,36.1361279724109
"211","Maine","ME","Representative","2",0,"Jared Golden","Bruce Poliquin",1,1,1,0,0,2180885,1305743,0,1,0,0,0,0.625499766536608,-6.11325214531628,1,6.2,12.3,0,0,1,10,28.6,37.1721534814835,91.9,50.8,34.829689074809
"212","Nevada","NV","Senator","0",0,"Catherine Cortez Masto","Adam Paul Laxalt",0,1,1,0,1,22810659,7761263,0,0,1,0,0,0.746131008707925,2.39053463272462,1,0.9,-1.5,0,0,1,15,27.5729127618881,44.2377746814618,49.6187807153392,49.5797856927707,40.0858971924538
"213","Nevada","NV","Representative","1",0,"Dina Titus","Mark Robertson",0,1,1,0,0,963115,416484,0,0,1,0,0,0.698112277553115,8.52569518535192,1,5.7,-2.8,0,0,1,15,24,38.4174625786848,45.5,49.5,39.9908072575117
"214","Nevada","NV","Representative","2",0,"Elizabeth Mercedes Krause","Mark E. Amodei",0,1,0,1,0,26170,363300,0,0,1,0,0,0.0671938788610163,-11.0173244173781,0,-21.9,-10.9,0,0,1,15,29.4,49.5120827574653,65.6,48.5,38.9624126953416
"215","Nevada","NV","Representative","3",0,"Susie Lee","April Becker",0,0,1,0,1,1937755,842903,0,0,0,0,1,0.696869230232556,6.64086708625414,1,4,-2.7,0,0,1,15,35.3,46.6241653588132,47.2,50.7,40.3475774715642
"216","Nevada","NV","Representative","4",0,"Steven A. Horsford","Sam Peters",1,1,1,0,1,1154458,801184,0,1,0,0,0,0.590321746004637,8.26596380872223,1,4.8,-3.4,0,0,1,15,20.8,41.5865194403482,40.2,49.6,41.0215337224914
"217","South Carolina","SC","Senator","0",0,"Krystle Matthews","Tim Scott",0,1,0,1,0,27747,11646458,0,0,1,0,0,0.00237677854723298,-11.6802058146785,0,-25.8,-14.1,0,0,1,10,31.5316982723979,39.0124840729532,63.5955038862736,51.4191424864253,38.3477388909599
"218","South Carolina","SC","Representative","1",0,"Annie Andrews","Nancy Mace",0,0,0,1,0,884065,885471,0,0,0,0,1,0.499602720713227,-8.63706620158115,0,-14,-5.4,0,0,1,10,43,52.5615635999748,70.1,51.4,37.3068050285076
"219","South Carolina","SC","Representative","2",0,"Judd Larkins","Joe Wilson",1,1,0,1,1,35499,194140,0,1,0,0,0,0.15458611124417,-10.5903668372971,0,-20.2,-9.6,0,0,1,10,35.1,39.7909099501749,61.1,51.3,38.6131190712923
"220","South Carolina","SC","Representative","5",0,"Evangeline Hundley","Ralph Norman",0,1,0,1,1,0,274252,0,0,1,0,0,0,-18.171669357266,0,-29.5,-11.3,0,0,1,10,28.9,39.1360456894954,66.5,51.5,37.7141624929308
"221","South Carolina","SC","Representative","6",0,"James E. ""Jim"" Clyburn","Duke Buckner",1,1,1,0,0,680567,73891,0,1,0,0,0,0.902060817169412,32.114444721915,1,24.1,-8,0,0,1,10,28.4,31.084305363154,42.8,51.4,43.4881198856354
"222","South Carolina","SC","Representative","7",0,"Daryl W. Scott","Russell Fry",1,1,0,0,1,0,585576,1,1,0,0,0,0,-18.6578788713721,0,-29.7,-11.1,0,0,1,10,22.8,32.6635856012144,65.1,52,33.7494169557315
"223","North Dakota","ND","Senator","0",0,"Katrina Christiansen","John Hoeven",0,1,0,1,0,42645,551723,0,0,1,0,0,0.071748479056746,-33.3428170508033,0,-31.5,1.9,0,1,0,11,31.7415868918714,44.5091795318609,83.1365459359854,48.4424761403346,41.8464206630638
"224","North Dakota","ND","Representative","0",0,"Mark Haugen","Kelly Armstrong",1,1,0,1,0,2050,470336,0,1,0,0,0,0.00433967137044705,-33.3428170508033,0,-24.6,9,0,1,0,11,31.7,44.5091795318609,83.1,48.4,41.8464206630638
"225","Virginia","VA","Representative","1",0,"Herbert C. ""Herb"" Jones Jr.","Rob J. Wittman",1,1,0,1,0,143691,454349,0,1,0,0,0,0.24026988161327,-6.66169336563087,0,-13.1,-7,0,0,1,10,47.4,59.8239586400969,71.3,51,36.0605462126943
"226","Virginia","VA","Representative","2",0,"Elaine G. Luria","Jen A. Kiggans",0,0,1,0,0,3884074,1246380,0,0,0,0,1,0.7570624354102,2.04705783377583,0,-3.4,-5.3,0,0,1,10,39.4,54.7268511903989,60.1,50.8,40.1925053494962
"227","Virginia","VA","Representative","3",0,"Robert C. ""Bobby"" Scott","Terry T. Namkung",1,1,1,0,0,64665,45827,0,1,0,0,0,0.585245990659957,38.06124648921,1,34.6,-3.7,0,0,1,10,30.3,38.910050262123,41.1,50.3,46.0201968554263
"228","Virginia","VA","Representative","4",0,"A. Donald McEachin","Leon Benjamin Sr.",1,1,1,0,1,160280,116059,0,1,0,0,0,0.580012231353519,35.7154629242257,1,30,-5.7,0,0,1,10,31.8,40.1128531010868,43.3,51.9,42.7634465746444
"229","Virginia","VA","Representative","5",0,"Joshua M. Throneburg","Bob Good",1,1,0,1,1,508170,313437,0,1,0,0,0,0.618507388568987,-8.24054782311066,0,-15.4,-7.2,0,0,1,10,32.6,41.0912248758724,69.9,50.8,38.1214868494464
"230","Virginia","VA","Representative","7",0,"Abigail A. Spanberger","Yesli I. Vega",0,0,1,0,0,2840533,1302530,0,0,0,0,1,0.685611828736372,6.72956264757251,1,4.6,-2.2,0,0,1,10,38,63.9375146610368,53.6,49.7,40.7983272190016
"231","Virginia","VA","Representative","8",0,"Donald S. Beyer Jr.","Karina Lipsman",1,0,1,0,0,388677,113053,0,0,0,1,0,0.77467362924282,55.6157672786041,1,48.7,-7.4,0,0,1,10,65.5,68.0455881937624,52,50.7,43.7621045417019
"232","Virginia","VA","Representative","10",0,"Jennifer T. Wexton","Hung Cao",0,1,1,0,0,896044,1547619,0,0,1,0,0,0.366680675690551,17.9974808032362,1,6.4,-11.7,0,0,1,10,55.5,76.5616087527419,56.3,49.8,40.0772236871531
"233","Virginia","VA","Representative","11",0,"Gerald E. ""Gerry"" Connolly","Jim Myles",1,1,1,0,0,209940,131054,0,1,0,0,0,0.615670656961706,40.9981840986952,1,33.7,-7.6,0,0,1,10,68.2,77.3036300701163,52.3,49.8,40.6268003523847
"234","Colorado","CO","Senator","0",0,"Michael Bennet","Joe O'Dea",1,1,1,0,0,6329604,2843775,0,1,0,0,0,0.689997001105045,13.5016180633593,1,14.6,1.1,0,0,1,10,44.4154095933368,54.1686661980198,70.5666605128053,49.3633506415702,43.0329027408312
"235","Colorado","CO","Representative","1",0,"Diana DeGette","Jennifer Qualteri",0,0,1,0,1,160222,0,0,0,0,0,1,1,61.2940409585004,1,62.8,1.5,0,0,1,10,55,53.3049344349276,59.1,49.6,51.2145816766417
"236","Colorado","CO","Representative","2",0,"Joe Neguse","Marshall Dawson",1,1,1,0,0,477312,15947,0,1,0,0,0,0.967670128674794,39.8927597113658,1,42,2.1,0,0,1,10,57.3,56.616889539958,78.2,48.5,45.2239823641862
"237","Colorado","CO","Representative","3",0,"Adam Frisch","Lauren Boebert",1,0,0,1,1,1781585,1376971,0,0,0,1,0,0.564050471164671,-8.25348373931463,0,-0.2,8,0,0,1,10,33,40.5750990115486,75.7,49.7,36.9881483862357
"238","Colorado","CO","Representative","4",0,"Ike McCorkle","Ken Buck",1,1,0,1,0,64705,340796,0,1,0,0,0,0.159568040522711,-18.550336602497,0,-24.3,-5.8,0,0,1,10,46.1,63.4822142108722,78.8,49.5,38.8751530217271
"239","Colorado","CO","Representative","5",0,"David Torres","Doug Lamborn",1,1,0,1,1,10250,113877,0,1,0,0,0,0.0825767157830287,-10.1070581241532,0,-15.7,-5.6,0,0,1,10,41.7,52.5065303074158,70.9,49.2,44.533906938646
"240","Colorado","CO","Representative","6",0,"Jason Crow","Steven Monahan",1,1,1,0,0,708437,159464,0,1,0,0,0,0.816264758307687,23.7896722520264,1,23.2,-0.6,0,0,1,10,44.9,55.3835102562056,60.1,50,42.5319364333259
"241","Colorado","CO","Representative","7",0,"Brittany Pettersen","Erik Aadland",0,1,0,0,0,1072791,717524,1,0,1,0,0,0.599219131828756,14.1729526857918,1,15,0.8,0,0,1,10,47.3,57.2487020599565,79.5,49.3,40.6112635542232
"242","Colorado","CO","Representative","8",0,"Yadira Caraveo","Barbara Kirkmeyer",0,0,0,0,0,1506138,516570,1,0,0,0,1,0.74461464531707,4.54598605012833,1,0.7,-3.8,0,0,1,10,29.1,55.1200803149853,62.1,49.1,44.5633859616171
"243","Illinois","IL","Senator","0",0,"Tammy Duckworth","Kathy Salvi",0,0,1,0,0,2697011,371613,0,0,0,0,1,0.878899141765169,16.9890533390747,1,14.5,-2.5,0,0,1,10,37.1399786294267,48.2673533613495,61.3264492064811,50.5632377745627,39.7419746676569
"244","Illinois","IL","Representative","1",0,"Jonathan L. Jackson","Eric Carlson",1,1,0,0,0,120804,2744,1,1,0,0,0,0.977790008741542,42.3704240666908,1,34.1,-8.3,0,0,1,10,32.2,42.0539643062123,38.1,52.7,38.322846856448
"245","Illinois","IL","Representative","2",0,"Robin Kelly","Thomas Lynch",0,1,1,0,0,236740,0,0,0,1,0,0,1,40.0008367375602,1,34.2,-5.8,0,0,1,10,24.6,36.4350325586464,35.9,52,38.5104552228677
"246","Illinois","IL","Representative","3",0,"Delia Ramirez","Justin Burau",0,1,0,0,0,80770,9360,1,0,1,0,0,0.896150005547542,41.4333356842752,1,37,-4.4,0,0,1,10,35.3,50.989589856277,44,50.7,44.2975316342775
"247","Illinois","IL","Representative","4",0,"Jesus ""Chuy"" Garcia","James Falakos",1,1,1,0,0,125770,0,0,1,0,0,0,1,46.3939533810293,1,40.3,-6.1,0,0,1,10,24,44.5445029657567,30.7,49.1,42.8596755361216
"248","Illinois","IL","Representative","5",0,"Mike Quigley","Tommy Hanson",1,1,1,0,0,144425,0,0,1,0,0,0,1,39.7622215865988,1,40.8,1.2,0,0,1,10,65.7,61.8401674060038,71.5,50.8,44.2092766569126
"249","Illinois","IL","Representative","6",0,"Sean Casten","Keith Pekau",1,1,1,0,0,1877777,597994,0,1,0,0,0,0.758461505526965,10.8765288660495,1,8.8,-2.1,0,0,1,10,43.3,58.1919916069243,72.4,50.6,35.6573470223478
"250","Illinois","IL","Representative","8",0,"Raja Krishnamoorthi","Chris Dargis",1,1,1,0,0,2611102,100026,0,1,0,0,0,0.963105393769678,15.4107854216062,1,13.8,-1.6,0,0,1,10,38.9,55.9777881608741,55.4,50.1,38.4430259708177
"251","Illinois","IL","Representative","9",0,"Janice D. Schakowsky","Maxwell ""Max"" Rice",0,1,1,0,0,221542,6251,0,0,1,0,0,0.972558419266615,41.3572602379544,1,43.4,1.9,0,0,1,10,55.8,53.0209621769416,62.3,50.2,38.688683059802
"252","Illinois","IL","Representative","10",0,"Brad Schneider","Joseph Severino",1,1,1,0,0,952586,20450,0,1,0,0,0,0.978983305859187,25.8639694510525,1,26,0.1,0,0,1,10,46.1,59.5520213714575,61.7,50.1,37.9703222061576
"253","Illinois","IL","Representative","11",0,"Bill Foster","Catalina Lauf",1,0,1,0,0,952590,739100,0,0,0,1,0,0.56309962227122,15.300068086762,1,12.9,-2.4,0,0,1,10,45.6,60.2880539984313,66.3,50.8,38.7249369318167
"254","Illinois","IL","Representative","12",0,"Homer ""Chip"" Markel","Mike Bost",1,1,0,1,1,15854,261712,0,1,0,0,0,0.0571179467225813,-42.7773560492822,0,-50,-7.2,0,0,1,10,24.2,39.4275794330615,88,49.1,36.5372900818332
"255","Illinois","IL","Representative","13",0,"Nikki Budzinski","Regan Deering",0,0,0,0,0,1568153,415359,1,0,0,0,1,0.790594158240535,11.2151720256025,1,13.2,2,0,0,1,10,32,36.4972124797152,68.4,51.4,41.7394568924294
"256","Illinois","IL","Representative","14",0,"Lauren Underwood","Scott R. Gryder",0,1,1,0,0,2108627,279158,0,0,1,0,0,0.883089139097532,11.4611267734764,1,8.3,-3.1,0,0,1,10,32.1,54.1298245878077,62.1,49.4,41.1118162136346
"257","Illinois","IL","Representative","15",0,"Paul J. Lange","Mary Miller",1,0,0,1,1,13743,326877,0,0,0,1,0,0.0403470142680993,-38.7448022581722,0,-42.2,-3.5,0,0,1,10,24.9,43.0190589945991,91.2,50.1,35.5019127114093
"258","Illinois","IL","Representative","17",0,"Eric Sorensen","Esther Joy King",1,0,0,0,0,1504470,1792583,1,0,0,1,0,0.456307496421805,7.78732513265799,1,3.9,-3.9,0,0,1,10,24.2,32.2655106228913,71.4,50.9,39.6621837976305
"259","New York","NY","Senator","0",0,"Charles E. Schumer","Joe Pinion",1,1,1,0,0,9686598,122651,0,1,0,0,0,0.987496392435343,23.0865453086234,1,13.2,-9.9,0,0,1,14,39.9202793661071,49.6516508103189,55.5700965213953,51.1160741630597,39.3577396714737
"260","Oklahoma","OK","Senator","0",0,"Madison Horn","James Lankford",0,1,0,1,0,166160,1457892,0,0,1,0,0,0.102311994936123,-33.0870975120763,0,-32.2,0.9,1,0,0,12,27.9247725946053,36.5181557487983,65.6457231266739,50.216034107929,40.472864485598
"261","Oklahoma","OK","Senator","0",1,"Kendra Horn","Markwayne Mullin",0,1,0,0,1,914494,1448206,1,0,1,0,0,0.387054640876963,-33.0870975120763,0,-26.6,6.5,1,0,0,12,27.9247725946053,36.5181557487983,65.6457231266739,50.216034107929,40.472864485598
"262","Oklahoma","OK","Representative","1",0,"Adam Martin","Kevin Hern",1,1,0,1,1,13575,256917,0,1,0,0,0,0.0501863271372166,-21.3537017036764,0,-26.4,-5,1,0,0,12,33.6,40.2990729748162,62.4,50.8,40.4214655295416
"263","Oklahoma","OK","Representative","2",0,"Naomi Andrews","Josh Brecheen",0,1,0,0,0,75,338293,1,0,1,0,0,0.000221652165689427,-53.3766488241679,0,-49,4.4,1,0,0,12,19.1,28.908495857629,63.3,49.8,37.3986499653628
"264","Oklahoma","OK","Representative","3",0,"Jeremiah A. Ross","Frank D. Lucas",1,1,0,1,1,0,121697,0,1,0,0,0,0,-42.7999096965158,0,-49,-4.3,1,0,0,12,21.5,31.9585283963023,67.5,49.3,41.3555454943177
"265","Oklahoma","OK","Representative","4",0,"Mary Brannon","Tom Cole",0,1,0,1,1,0,678682,0,0,1,0,0,0,-30.9080596421853,0,-33.4,-1.8,1,0,0,12,27.7,37.8748931662123,67.9,50.1,42.0780490862928
"266","Oklahoma","OK","Representative","5",0,"Joshua Harris-Till","Stephanie Bice",1,0,0,1,1,28411,439136,0,0,0,1,0,0.0607660834097962,-18.4549094282506,0,-21.6,-4.8,1,0,0,12,37.3,42.9064445712301,67.1,51,41.1061507384276
"267","Utah","UT","Representative","1",0,"Rick Edwin Jones","Blake D. Moore",1,1,0,1,0,0,330801,0,1,0,0,0,0,-19.3435596067466,0,-34,-14.1,0,1,0,7,37.2,51.718311858872,82.8,49.2,45.9566063159606
"268","Utah","UT","Representative","2",0,"Nick Mitchell","Chris Stewart",1,1,0,1,1,12135,196434,0,1,0,0,0,0.058182184313105,-16.919243606433,0,-25.7,-8.5,0,1,0,7,32.3,48.335771950109,75.1,48.8,43.791167085757
"269","Utah","UT","Representative","3",0,"Glenn J. Wright","John Curtis",1,1,0,1,0,3000,485200,0,1,0,0,0,0.00614502253174928,-19.2173107925031,0,-34.9,-15.7,0,1,0,7,43.7,53.7280918902862,81.5,49.6,46.124058646433
"270","Utah","UT","Representative","4",0,"Darlene McDonald","Burgess Owens",0,1,0,1,1,20495,971486,0,0,1,0,0,0.0206606779766951,-25.6020355451018,0,-28.9,-3,0,1,0,7,34.4,58.3539781880054,77.9,49.2,44.3406511012356
"271","Maryland","MD","Senator","0",0,"Chris Van Hollen","Chris Chaffee",1,1,1,0,1,1394269,0,0,1,0,0,0,1,33.210493943421,1,31.8,-1.4,0,0,1,11,42.5483588641927,57.8399950417124,48.9664368742325,51.2890808935223,39.1695453574451
"272","Maryland","MD","Representative","1",0,"Heather R. Mizeur","Andy Harris",0,1,0,1,1,1051855,359550,0,0,1,0,0,0.74525384280203,-14.4500284582874,0,-11.3,3.3,0,0,1,11,33.7,53.6962517668743,73.8,50.7,36.4999025920761
"273","Maryland","MD","Representative","2",0,"C.A. Dutch Ruppersberger","Nicolee Ambrose",1,0,1,0,0,178695,299054,0,0,0,1,0,0.374035319801821,20.6614274697621,1,18.6,-2.2,0,0,1,11,44.9,56.9697369941719,61.3,52.1,38.062575831892
"274","Maryland","MD","Representative","3",0,"John Sarbanes","Yuripzy Morgan",1,0,1,0,0,34930,350585,0,0,0,1,0,0.0906060723966642,25.2946900661045,1,20.5,-5,0,0,1,11,51.1,69.647440554022,58.9,50.9,38.8410341804525
"275","Maryland","MD","Representative","4",0,"Glenn F. Ivey","Jeff Warner",1,1,0,0,0,448081,16249,1,1,0,0,0,0.965005491783861,80.6024274475668,1,80.4,-0.5,0,0,1,11,32.2,53.1598103010919,12.1,51.7,41.837430002316
"276","Maryland","MD","Representative","5",0,"Steny Hoyer","Chris Palombi",1,1,1,0,0,674164,15595,0,1,0,0,0,0.977390653837065,36.2622971154855,1,32,-4.5,0,0,1,11,40.5,70.9987173466598,45.1,50.4,38.4999924027168
"277","Maryland","MD","Representative","6",0,"David J. Trone","Neil C. Parrott",1,1,1,0,0,309602,468970,0,1,0,0,0,0.397653653098236,9.77049916832022,1,9.5,-0.3,0,0,1,11,39.9,56.0266408413613,61.6,50.4,39.5094459173295
"278","Maryland","MD","Representative","7",0,"Kweisi Mfume","Scott M. Collier",1,1,1,0,1,133881,0,0,1,0,0,0,1,63.1617842301085,1,64.4,0.9,0,0,1,11,33.3,36.6019259731414,30.8,52.9,43.6977437218736
"279","Maryland","MD","Representative","8",0,"Jamie Raskin","Gregory Thomas Coll",1,1,1,0,0,1030489,11800,0,1,0,0,0,0.98867876375938,62.0854893641334,1,62.1,-0.5,0,0,1,11,63.9,68.158973519506,46.1,51.3,36.7064748868324
"280","Arizona","AZ","Senator","0",0,"Mark Kelly","Blake Masters",1,1,1,0,1,29590633,6335067,0,1,0,0,0,0.823661974575304,0.308894884757421,1,4.9,4.6,0,1,0,11,32.4294113383198,46.0501262899157,58.2941834851592,50.117339598775,39.6790078935549
"281","Arizona","AZ","Representative","1",0,"Jevin D. Hodge","David Schweikert",1,1,0,1,1,1141123,530960,0,1,0,0,0,0.682455954638615,1.47564154099508,0,-0.8,-2.3,0,1,0,11,51.4,56.2462389337185,71.5,50.7,36.8306137097139
"282","Arizona","AZ","Representative","2",0,"Tom O'Halleran","Eli Crane",1,1,1,0,1,1234394,1224809,0,1,0,0,0,0.501948802111904,-7.88010117295547,0,-7.8,-0.1,0,1,0,11,24.8,38.3048513937487,57.6,50,35.8765609960721
"283","Arizona","AZ","Representative","3",0,"Ruben Gallego","Jeff Zink",1,1,1,0,1,366368,17963,0,1,0,0,0,0.953261641657842,50.6243247011258,1,54,3.4,0,1,0,11,19.7,35.8053955998308,28.1,49.4,48.7078054454269
"284","Arizona","AZ","Representative","4",0,"Greg Stanton","Kelly Cooper",1,1,1,0,0,1180697,478201,0,1,0,0,0,0.71173574264361,10.285746597806,1,12.2,1.9,0,1,0,11,38,46.624189000101,61,49.9,46.3288987628182
"285","Arizona","AZ","Representative","5",0,"Javier Garcia Ramos","Andy Biggs",1,1,0,1,1,6149,462389,0,1,0,0,0,0.0131238021249077,-16.3658707192273,0,-19.3,-2.9,0,1,0,11,40.9,62.5987006496752,70.8,49.5,38.8314144211049
"286","Arizona","AZ","Representative","6",0,"Kirsten Engel","Juan Ciscomani",0,1,0,0,0,1128175,1578988,1,0,1,0,0,0.416737004753685,0.0701701281636713,0,-1.5,-1.6,0,1,0,11,38,45.5279953326379,69.3,50,35.9465923967962
"287","Arizona","AZ","Representative","7",0,"Raúl Grijalva","Luis Pozzolo",1,1,1,0,0,161900,31990,0,1,0,0,0,0.835009541492599,32.764905235782,1,29,-3.7,0,1,0,11,20.9,32.6839036042999,37.1,50.2,43.4773182752058
"288","Kansas","KS","Senator","0",0,"Mark R. Holland","Jerry Moran",1,1,0,1,0,392975,784432,0,1,0,0,0,0.333763091267506,-14.6528989758033,0,-23.2,-8.5,0,0,1,8,35.3967519217273,42.7154352016262,76.0185266589927,49.7505948036211,39.8121776798195
"289","Kansas","KS","Representative","1",0,"James ""Jimmy"" Beard","Tracey Mann",1,1,0,1,1,7620,170080,0,1,0,0,0,0.0428812605514913,-29.5906685387191,0,-35.4,-5.8,0,0,1,8,30.3,36.9636479112744,78.8,48.9,41.6103940041308
"290","Kansas","KS","Representative","2",0,"Patrick Schmidt","Jake LaTurner",1,1,0,1,1,558256,402563,0,1,0,0,0,0.581020983140425,-16.31130229766,0,-15.3,1,0,0,1,8,27.8,37.0780475452089,74,49.4,38.7303892608639
"291","Kansas","KS","Representative","3",0,"Sharice Davids","Amanda L. Adkins",0,0,1,0,0,2744589,1179305,0,0,0,0,1,0.69945543890839,4.45013933121019,1,12.2,7.7,0,0,1,8,52.4,58.2644304843663,77.7,50.5,39.7529645340826
"292","Kansas","KS","Representative","4",0,"Bob Hernandez","Ron Estes",1,1,0,1,1,16125,268292,0,1,0,0,0,0.0566949232992402,-21.7460107324612,0,-26.6,-4.9,0,0,1,8,30.2,38.2697740610535,73.6,50.2,39.1525497729654
"293","Michigan","MI","Representative","1",0,"Bob Lorinser","Jack Bergman",1,1,0,1,1,162437,211717,0,1,0,0,0,0.434144763920739,-19.7794070219948,0,-22.6,-2.8,0,1,0,17,26.8,35.6354020843055,89.8,49,33.0632467395742
"294","Michigan","MI","Representative","2",0,"Jerry Hilliard","John Moolenaar",1,1,0,1,0,7303,673296,0,1,0,0,0,0.0107302537911457,-28.2040644033046,0,-29.4,-1.2,0,1,0,17,21.6,37.834302618075,89.6,49.2,36.6842503633004
"295","Michigan","MI","Representative","3",0,"Hillary Scholten","John Gibbs",0,1,0,0,0,1603346,428062,1,0,1,0,0,0.789278175531454,8.49335639424564,1,13,4.5,0,1,0,17,37.2,44.7574017936297,72.4,50.6,42.9278705465856
"296","Michigan","MI","Representative","5",0,"Bart Goldberg","Tim Walberg",1,1,0,1,1,101816,287514,0,1,0,0,0,0.261515937636452,-24.1636237304673,0,-27.4,-3.3,0,1,0,17,23.3,40.3283191628515,86.7,49.8,35.5324343699684
"297","Michigan","MI","Representative","6",0,"Debbie Dingell","Whittney Williams",0,0,1,0,0,284615,450,0,0,0,0,1,0.99842141266027,26.6732533583365,1,31.8,5.1,0,1,0,17,51.9,55.3806391734637,70.9,50.9,40.9936253129274
"298","Michigan","MI","Representative","7",0,"Elissa Slotkin","Tom Barrett",0,1,1,0,0,3355459,479281,0,0,1,0,0,0.875016037593161,0.947125881924377,1,5.4,4.9,0,1,0,17,37.6,46.9625477313928,82.2,50.2,40.5121326385209
"299","Michigan","MI","Representative","8",0,"Daniel T. Kildee","Paul Junge",1,1,1,0,0,1470416,431041,0,1,0,0,0,0.773310151110438,2.02930966193704,1,10.3,8.2,0,1,0,17,24.6,34.3758160396922,75.7,51.1,36.8486619342193
"300","Michigan","MI","Representative","9",0,"Brian Jaye","Lisa McClain",1,0,0,1,1,19165,279441,0,0,0,1,0,0.0641815636658339,-29.449769258076,0,-30.7,-1.3,0,1,0,17,28,48.7569534154122,88.7,49.7,34.6729595543871
"301","Michigan","MI","Representative","10",0,"Carl J. Marlinga","John James",1,1,0,0,0,515862,972024,1,1,0,0,0,0.346708013920421,-0.97899397202143,0,-0.5,0.5,0,1,0,17,29.5,44.928317410753,73.3,50.9,38.1679704165426
"302","Michigan","MI","Representative","11",0,"Haley Stevens","Mark Ambrose",0,1,1,0,0,1207694,200107,0,0,1,0,0,0.857858461529719,19.8365003547756,1,22.6,2.7,0,1,0,17,50.6,54.7976495349559,68.2,50.8,39.2667145186237
"303","Michigan","MI","Representative","12",0,"Rashida Tlaib","Steven Elliott",0,1,1,0,0,785175,49574,0,0,1,0,0,0.940612088184592,48.5087302652638,1,44.5,-4,0,1,0,17,26.8,34.6837517053657,47.2,52.3,38.3045625154026
"304","Michigan","MI","Representative","13",0,"Shri Thanedar","Martell D. Bivings",1,1,0,0,0,30700,52250,1,1,0,0,0,0.370102471368294,49.5868932494601,1,47.2,-2.4,0,1,0,17,21.9,27.5594579600081,39,51.1,40.2025092439185
"305","Missouri","MO","Senator","0",0,"Trudy Busch Valentine","Eric Schmitt",0,1,0,0,1,4210218,2218836,1,0,1,0,0,0.654873640818696,-15.3949695833968,0,-13.4,2,1,0,0,9,31.7189281115895,40.9892794907171,77.4289106345187,50.6308579814458,38.8608030204013
"306","Missouri","MO","Representative","1",0,"Cori Bush","Andrew Jones",0,1,1,0,0,578653,24479,0,0,1,0,0,0.959413528050244,58.3752556179617,1,48.6,-9.8,1,0,0,9,36,33.8490200462031,41.9,52.9,41.7109365257513
"307","Missouri","MO","Representative","2",0,"Trish Gunby","Ann Wagner",0,0,0,1,0,419546,775292,0,0,0,0,1,0.351132120002879,-7.75940247086863,0,-11.9,-4.2,1,0,0,9,50,58.5385392586101,83.1,50.5,36.1344494104704
"308","Missouri","MO","Representative","3",0,"Bethany Mann","Blaine Luetkemeyer",0,1,0,1,1,3900,393104,0,0,1,0,0,0.00982357860374203,-26.1266078260084,0,-30.2,-3.9,1,0,0,9,34.9,47.5317025225877,85.4,50.1,39.6285329049656
"309","Missouri","MO","Representative","4",0,"Jack Truman","Mark Alford",1,1,0,0,0,0,359333,1,1,0,0,0,0,-39.6131527010489,0,-45,-5.6,1,0,0,9,23.7,38.286190249541,85.7,49.7,37.8629798444913
"310","Missouri","MO","Representative","5",0,"Emanuel Cleaver II","Jacob Turk",1,1,1,0,0,99916,18450,0,1,0,0,0,0.844127536623693,26.3095883376601,1,24.6,-1.7,1,0,0,9,33.8,40.3091597375907,62,51.5,41.9702984931425
"311","Missouri","MO","Representative","6",0,"Henry Martin","Sam Graves",1,1,0,1,1,43476,439995,0,1,0,0,0,0.0899247317832921,-37.102118155162,0,-42.8,-5.7,1,0,0,9,27.1,42.6436396460468,88,49.7,37.454533207598
"312","Missouri","MO","Representative","7",0,"Kristen Radaker-Sheafer","Eric Burlison",0,1,0,0,0,2920,465662,1,0,1,0,0,0.00623156672684824,-41.3914900156982,0,-44.1,-2.7,1,0,0,9,27.8,34.6401782470445,85.8,50.8,39.0035117958669
"313","Missouri","MO","Representative","8",0,"Randi McCallian","Jason Smith",0,1,0,1,1,13592,909099,0,0,1,0,0,0.014730825379244,-51.2997354713791,0,-54.1,-2.7,1,0,0,9,19.8,32.8613204551911,86.9,49.8,37.1474578620573
"314","Washington","WA","Senator","0",0,"Patty Murray","Tiffany Smiley",0,0,1,0,0,4540293,9919408,0,0,0,0,1,0.313996326756687,19.2028525470481,1,14.6,-4.6,0,0,1,11,38.9669309252531,55.437248015141,66.412360124941,49.638517723667,41.4874891002252
"315","Washington","WA","Representative","1",0,"Suzan DelBene","Vincent J. Cavaleri",0,1,1,0,0,460072,83174,0,0,1,0,0,0.846894408794542,30.3978767761001,1,27.1,-3.6,0,0,1,11,51.8,70.9227380823695,61.3,48.6,43.5950362260986
"316","Washington","WA","Representative","2",0,"Rick Larsen","Dan Matthews",1,1,1,0,0,288721,21649,0,1,0,0,0,0.930247768792087,22.7638308449806,1,20.4,-2.5,0,0,1,11,36.7,51.3783225847749,72.2,50.5,39.8951285172044
"317","Washington","WA","Representative","3",0,"Marie Gluesenkamp Perez","Joe Kent",0,1,0,0,1,2394322,1160420,1,0,1,0,0,0.673557180802432,-4.17350444504788,1,0.8,5,0,0,1,11,27.4,52.6442138674327,78.1,49.9,37.7132497518235
"318","Washington","WA","Representative","4",0,"Doug White","Dan Newhouse",1,1,0,1,0,364423,319654,0,1,0,0,0,0.532722193554234,-16.8507275765194,0,-35.3,-18.4,0,0,1,11,23.3,43.2580016903686,55.2,49.3,40.0681528122665
"319","Washington","WA","Representative","5",0,"Natasha Hill","Cathy McMorris Rodgers",0,0,0,1,0,147171,889623,0,0,0,0,1,0.141948159422219,-9.89706402885269,0,-19.3,-9.3,0,0,1,11,30.3,41.8649888565955,81.2,49.7,41.1395693470076
"320","Washington","WA","Representative","6",0,"Derek Kilmer","Elizabeth Kreiselmaier",1,0,1,0,0,505742,155314,0,0,0,1,0,0.765051674895924,17.1020022903768,1,20.1,2.9,0,0,1,11,34.7,51.6509643024478,74.5,49.9,37.4958615616695
"321","Washington","WA","Representative","7",0,"Pramila Jayapal","Cliff Moon",0,1,1,0,0,648605,2341,0,0,1,0,0,0.996403695544638,75.1225175786091,1,71.2,-4.3,0,0,1,11,66,63.7876748114013,64.8,49.5,51.6211347164247
"322","Washington","WA","Representative","8",0,"Kim Schrier","Matt Larkin",0,1,1,0,0,3460010,766041,0,0,1,0,0,0.818733612064786,6.67304537998906,1,6.9,0.2,0,0,1,11,42.8,67.1629201486269,72,49.3,38.4935165117262
"323","Washington","WA","Representative","9",0,"Adam Smith","Doug Basler",1,1,1,0,1,232158,76171,0,1,0,0,0,0.752955446941416,44.7142593761697,1,43.4,-1.8,0,0,1,11,41.7,57.3162024613025,40.7,49.6,42.4544452897156
"324","Washington","WA","Representative","10",0,"Marilyn Strickland","Keith R. Swank",0,1,1,0,1,470309,70431,0,0,1,0,0,0.869750711987277,17.5714525538255,1,14.1,-3.6,0,0,1,11,31.3,53.200888273359,63.1,50.1,42.5954442499542
"325","Tennessee","TN","Representative","1",0,"Cameron Parsons","Diana Lynn Harshbarger",1,0,0,1,1,0,318887,0,0,0,1,0,0,-54.2374645081687,0,-58.6,-4.3,1,0,0,11,22.5,31.6183039300749,89.8,50.7,35.0498442125547
"326","Tennessee","TN","Representative","2",0,"Mark Harmon","Tim Burchett",1,1,0,1,1,24757,274423,0,1,0,0,0,0.0827495153419346,-29.2178008825214,0,-35.8,-6.5,1,0,0,11,33.5,40.1399142765431,84.9,51.3,39.3081395719911
"327","Tennessee","TN","Representative","3",0,"Meg Gorman","Chuck Fleischmann",0,1,0,1,1,30775,173096,0,0,1,0,0,0.150953298899794,-31.9104996337838,0,-38.2,-6.3,1,0,0,11,27.4,40.0036400326964,79.7,50.7,36.9928659071216
"328","Tennessee","TN","Representative","4",0,"Wayne Steele","Scott DesJarlais",1,1,0,1,1,3838,39270,0,1,0,0,0,0.0890321981998701,-37.7366513829315,0,-44.9,-7.2,1,0,0,11,27.2,40.1028233135419,78.4,50.5,40.3395729109357
"329","Tennessee","TN","Representative","5",0,"Heidi Campbell","Andy Ogles",0,1,0,0,1,597016,557575,1,0,1,0,0,0.51708007424274,-11.2992274922831,0,-13.5,-2.2,1,0,0,11,45.3,52.167745713635,72.1,50.9,39.4295682759403
"330","Tennessee","TN","Representative","6",0,"Randal Cooper","John Rose",1,1,0,1,1,0,444034,0,1,0,0,0,0,-29.1427061371509,0,-32.6,-3.5,1,0,0,11,27.9,38.4851789120413,82,50.7,38.9483751341856
"331","Tennessee","TN","Representative","7",0,"Odessa Kelly","Mark E. Green",0,1,0,1,0,312409,491851,0,0,1,0,0,0.388442792131898,-15.1245800671892,0,-21.9,-6.8,1,0,0,11,33,42.8051143470005,70.6,50.6,44.0584482613605
"332","Tennessee","TN","Representative","8",0,"Lynnette P. Williams","David Kustoff",0,1,0,1,1,375,382503,0,0,1,0,0,0.000979424255245796,-37.2699403538781,0,-49.7,-12.4,1,0,0,11,30.6,40.6316116253252,74.3,51.4,36.3371313891994
"333","Tennessee","TN","Representative","9",0,"Steve Cohen","Charlotte Bergmann",1,0,1,0,1,36800,18167,0,0,0,1,0,0.669492604653701,48.2150660937724,1,43.8,-4.4,1,0,0,11,27.3,29.7734072452693,25.4,52.6,42.1647244562202
"334","Connecticut","CT","Senator","0",0,"Richard Blumenthal","Leora R. Levy",1,0,1,0,0,1113278,705511,0,0,0,1,0,0.612098489709362,20.0754869279738,1,15,-5.1,0,0,1,11,42.1275690742021,54.3477515082478,65.3034712420717,50.9638764398794,38.4443408400883
"335","Connecticut","CT","Representative","1",0,"John B. Larson","Larry Lazor",1,1,1,0,0,354564,59927,0,1,0,0,0,0.855420262442369,28.0799959996444,1,23.8,-4.3,0,0,1,11,37.9,51.362258289869,60.2,50.6,39.3156950960053
"336","Connecticut","CT","Representative","2",0,"Joe Courtney","Mike France",1,1,1,0,0,387539,260984,0,1,0,0,0,0.597571712953897,11.4723627199914,1,18,6.6,0,0,1,11,39.2,54.8520661383641,78.9,50.3,38.2905094291228
"337","Connecticut","CT","Representative","3",0,"Rosa L. DeLauro","Lesley DeNardis",0,0,1,0,0,621480,10328,0,0,0,0,1,0.983653261750405,19.7238126753631,1,16.1,-3.6,0,0,1,11,40.9,52.0325259040692,61.9,52.1,40.1709247255627
"338","Connecticut","CT","Representative","4",0,"Jim Himes","Jayme Stevenson",1,0,1,0,0,286015,173571,0,0,0,1,0,0.622331837784441,31.2008314813719,1,18.8,-12.2,0,0,1,11,53.3,61.3755520060133,58.1,50.6,37.8232494712234
"339","Connecticut","CT","Representative","5",0,"Jahana Hayes","George Logan",0,1,1,0,0,780429,642678,0,0,1,0,0,0.548397977102214,10.742508870706,1,0.8,-9.9,0,0,1,11,39.7,52.7221729521235,67.2,51.3,36.628310284357
"340","Minnesota","MN","Representative","1",0,"Jeff Ettinger","Brad Finstad",1,1,0,0,0,447071,457270,1,1,0,0,0,0.494361087244745,-9.17924598501002,0,-11.5,-2.3,0,0,1,11,31.7,46.1004946121364,84,49.6,38.9231581054279
"341","Minnesota","MN","Representative","2",0,"Angie Craig","Tyler Kistner",0,1,1,0,0,2195711,1133830,0,0,1,0,0,0.659463571705529,7.15295789660686,1,5.3,-1.8,0,0,1,11,42.8,62.0083472207884,76.8,50,39.6059553995909
"342","Minnesota","MN","Representative","3",0,"Dean Phillips","Tom Weiler",1,1,1,0,0,914412,216867,0,1,0,0,0,0.808299278957711,20.9026226334598,1,19.1,-1.9,0,0,1,11,50.5,60.8685234256075,71.6,50.9,36.2810035517567
"343","Minnesota","MN","Representative","4",0,"Betty McCollum","May Lor Xiong",0,0,1,0,0,401322,54607,0,0,0,0,1,0.880229158487396,37.5110597225015,1,35.3,-2.3,0,0,1,11,46.6,51.6929483362865,64.3,50.8,41.4240184502002
"344","Minnesota","MN","Representative","5",0,"Ilhan Omar","Cicely Davis",0,0,1,0,0,883752,578270,0,0,0,0,1,0.604472436119292,62.8846086200572,1,49.8,-13.4,0,0,1,11,50.4,47.7773530785792,62.9,49.6,48.455675892499
"345","Minnesota","MN","Representative","6",0,"Jeanne Hendricks","Tom Emmer",0,1,0,1,0,53890,1226760,0,0,1,0,0,0.0420801936516613,-17.5948930878841,0,-24.2,-6.6,0,0,1,11,35.7,59.6181857976287,84.9,49.4,39.6741668537925
"346","Minnesota","MN","Representative","7",0,"Jill Abahsain","Michelle Fischbach",0,0,0,1,1,10521,261999,0,0,0,0,1,0.0386063408190225,-33.1434824154684,0,-39.3,-6.1,0,0,1,11,25.3,43.1931200306019,89,49.4,34.7579535799062
"347","Minnesota","MN","Representative","8",0,"Jen Schultz","Pete Stauber",0,1,0,1,0,274830,500355,0,0,1,0,0,0.354534723969117,-11.2804697370885,0,-14.5,-3.2,0,0,1,11,28.2,44.4660517646419,88,49.3,35.366121953393
"348","Vermont","VT","Senator","0",0,"Peter Welch","Gerald Malloy",1,1,0,0,0,477924,228960,1,1,0,0,0,0.676099614646816,35.4126522747314,1,40.4,5,0,0,1,5,44.4388973536054,48.4237293781902,91.1042954288458,50.3860154592066,37.5344269405332
"349","Vermont","VT","Representative","0",0,"Becca Balint","Liam Madden",0,1,0,0,0,400722,4355,1,0,1,0,0,0.989248957605591,35.4126522747314,1,34.8,-0.8,0,0,1,5,44.4,48.4237293781902,91.1,50.4,37.5344269405332
"350","Wisconsin","WI","Senator","0",0,"Mandela Barnes","Ron Johnson",1,1,0,1,1,20015109,11782661,0,1,0,0,0,0.629450084078223,0.629952491259839,0,-1,-1.6,0,1,0,10,32.5409147767151,44.6742205006592,80.2590881675901,49.8762701181904,38.3635395939014
"351","Wisconsin","WI","Representative","1",0,"Ann Roe","Bryan Steil",0,1,0,1,0,355947,839195,0,0,1,0,0,0.297828207861493,-2.00230977297364,0,-8.9,-6.9,0,1,0,10,29.3,45.5493178297156,77,50.1,38.0433743756946
"352","Wisconsin","WI","Representative","2",0,"Mark Pocan","Erik Olsen",1,1,1,0,0,153657,49823,0,1,0,0,0,0.755145468842147,41.6337437165002,1,44.1,2.3,0,1,0,10,47.8,50.621182676291,81.1,50,43.5662438198708
"353","Wisconsin","WI","Representative","3",0,"Brad Pfaff","Derrick Van Orden",1,1,0,0,1,887654,1986621,1,1,0,0,0,0.308827095528438,-4.66591155050239,0,-3.7,1,0,1,0,10,26.6,40.402611680163,90,49.2,39.3128243929922
"354","Wisconsin","WI","Representative","4",0,"Gwen Moore","Tim Rogers",0,1,1,0,0,110523,0,0,0,1,0,0,1,52.8217268172246,1,52.7,-0.4,0,1,0,10,34.2,34.7095887500498,43.3,51.5,44.5179170980776
"355","Wisconsin","WI","Representative","5",0,"Mike Van Someren","Scott Fitzgerald",1,1,0,1,1,32616,205610,0,1,0,0,0,0.136912007925247,-22.8401170341335,0,-28.8,-5.9,0,1,0,10,40.2,55.2385118350052,87.3,50.4,35.4243402316309
"356","Wisconsin","WI","Representative","7",0,"Richard ""Dick"" Ausman","Tom Tiffany",1,1,0,1,1,30625,386301,0,1,0,0,0,0.0734542820548491,-19.9298112940009,0,-23.8,-3.9,0,1,0,10,25.3,42.8017047006294,90.3,49.1,33.0265644073737
"357","Hawaii","HI","Senator","0",0,"Brian Schatz","Bob McDermott",1,1,1,0,0,447139,0,0,1,0,0,0,1,29.4647752968393,1,45.2,15.7,0,0,1,12,35.3024947953728,55.5719474371531,22.1758756008277,49.6651181052656,38.2763588990485
"358","Hawaii","HI","Representative","1",0,"Ed Case","Conrad Kress",1,1,1,0,0,409232,31357,0,1,0,0,0,0.928829362512455,29.4313675711819,1,47.4,18,0,0,1,12,38.7,57.9312799019414,16.5,49.4,38.6435457334136
"359","Hawaii","HI","Representative","2",0,"Jill N. Tokuda","Joe Akana",0,1,0,0,0,399722,5710,1,0,1,0,0,0.985916257226859,29.4964687684448,1,26.9,-2.6,0,0,1,12,31.8,53.0560357549437,27.7,49.9,37.9170635432593
"360","Alaska","AK","Representative","0",0,"Mary S. Peltola","Sarah Palin",0,0,0,0,1,3722044,548995,1,0,0,0,1,0.871461019203992,-10.1163691483322,1,10,20.1,0,0,1,14,32.8,52.0992514125856,59.4,47.7,42.5038182108526
"361","Wyoming","WY","Representative","0",0,"Lynnette GreyBull","Harriet Hageman",0,0,0,0,1,22600,1242676,1,0,0,0,1,0.0178617155466475,-43.3826531533973,0,-43.8,-0.1,0,1,0,11,29.2,43.6841693338771,84.6,48.9,39.1343859655185
"362","Florida","FL","Senator","0",0,"Val Demings","Marco Rubio",0,1,0,1,0,24688761,15477364,0,0,1,0,0,0.614666239275011,-3.35176495240527,0,-16.4,-13,0,0,1,12,33.1608015722756,42.0407669104129,56.0610956420623,50.8082409689709,36.5309455047507
"363","Florida","FL","Representative","1",0,"Rebekah Jones","Matt Gaetz",0,1,0,1,1,277244,970338,0,0,1,0,0,0.222225072179624,-32.2165362516066,0,-35.8,-3.5,0,0,1,12,32.4,43.2204673586596,71.9,49.5,39.3890370347435
"364","Florida","FL","Representative","2",0,"Al Lawson","Neal Dunn",1,1,1,1,1,165345,479632,0,1,0,0,0,0.256357978656603,-10.9623719655595,0,-19.6,-8.6,0,0,1,12,31.5,36.4847835172583,64.9,49.7,41.5459195562568
"365","Florida","FL","Representative","3",0,"Danielle Hawk","Kat Cammack",0,0,0,1,1,24122,344939,0,0,0,0,1,0.0653604688655805,-14.0660893252831,0,-26.2,-12.1,0,0,1,12,28.5,35.4970960027332,67.5,50,39.8008099948959
"366","Florida","FL","Representative","4",0,"LaShonda ""L.J."" Holloway","Aaron Bean",0,1,0,0,0,1300,494951,1,0,1,0,0,0.00261964207628801,-6.68413108291855,0,-21,-14.3,0,0,1,12,26.4,40.2003606359588,53.8,51.4,38.3301251509203
"367","Florida","FL","Representative","7",0,"Karen Green","Cory Mills",0,1,0,0,1,29630,174036,1,0,1,0,0,0.145483291271003,-5.53076437261148,0,-17,-11.5,0,0,1,12,36.4,43.7113038439494,65.5,51.2,37.3921233455878
"368","Florida","FL","Representative","8",0,"Joanne Terry","Bill Posey",0,1,0,1,1,31518,193035,0,0,1,0,0,0.140358846241199,-17.5955700789383,0,-29.8,-12.1,0,0,1,12,33.2,42.6206348913224,73.2,51,31.5224633390582
"369","Florida","FL","Representative","9",0,"Darren Soto","Scotty Moore",1,1,1,0,1,204202,294475,0,1,0,0,0,0.409487503935413,17.3916226870428,1,7.2,-10.2,0,0,1,12,31.2,40.958572667275,36.4,49.9,43.9564459724719
"370","Florida","FL","Representative","10",0,"Maxwell Alejandro Frost","Calvin B. Wimbish",1,1,0,0,1,857387,101625,1,1,0,0,0,0.894031565819823,31.6851700987709,1,19.6,-12.2,0,0,1,12,34.6,37.635619277822,39.7,50.7,46.3497296024519
"371","Florida","FL","Representative","11",0,"Shante Munns","Daniel Webster",0,1,0,1,1,1920,178420,0,0,1,0,0,0.0106465565043806,-10.8572833378209,0,-27.7,-16.8,0,0,1,12,34.4,48.9859758767958,60.8,51.1,33.7588798262482
"372","Florida","FL","Representative","12",0,"Kimberly Walker","Gus Michael Bilirakis",0,1,0,1,1,3522,352370,0,0,1,0,0,0.00989626066334731,-28.659900464128,0,-40.8,-12,0,0,1,12,24.1,36.23862988108,77.8,51,31.8786224394152
"373","Florida","FL","Representative","13",0,"Eric Lynn","Anna Paulina Luna",1,0,0,0,1,1033314,1012551,1,0,0,1,0,0.505074381740731,-6.74859113950097,0,-8,-1.2,0,0,1,12,35.2,41.9884562473832,76.4,51.4,31.2202122662683
"374","Florida","FL","Representative","14",0,"Kathy Castor","James Judge",0,1,1,0,0,303373,54850,0,0,1,0,0,0.846883086792305,19.115935325482,1,13.8,-5.4,0,0,1,12,40.9,41.8955336866011,52,52,40.943570290374
"375","Florida","FL","Representative","15",0,"Alan M. Cohn","Laurel Lee",1,0,0,0,0,651068,754247,1,0,0,1,0,0.463289725079431,-3.12727785109052,0,-17,-13.9,0,0,1,12,32.6,41.442181014108,55.3,49.9,40.5771772507064
"376","Florida","FL","Representative","16",0,"Jan Schneider","Vern Buchanan",0,1,0,1,0,1517,657539,0,0,1,0,0,0.00230177708722779,-8.86831671828662,0,-24.3,-15.4,0,0,1,12,35.7,48.5998455639227,63.7,51.1,34.4612171920875
"377","Florida","FL","Representative","17",0,"Andrea Doria Kale","Greg Steube",0,1,0,1,1,4210,207938,0,0,1,0,0,0.0198446367630145,-15.9226078279188,0,-28.3,-12.3,0,0,1,12,32.2,43.2199101711297,78.6,51.2,26.5976725072243
"378","Florida","FL","Representative","19",0,"Cindy Banyai","Byron Donalds",0,1,0,1,1,18725,1005044,0,0,1,0,0,0.018290258837687,-21.0184102020992,0,-36,-14.9,0,0,1,12,36.8,46.6716294068839,70.8,51,28.4846286617976
"379","Florida","FL","Representative","20",0,"Sheila Cherfilus-McCormick","Drew Montez Clark",0,1,1,0,0,161181,39863,0,0,1,0,0,0.801720021487834,52.2641023027716,1,44.6,-7.8,0,0,1,12,24.8,33.9743728023815,22.8,52.2,38.8735758422324
"380","Florida","FL","Representative","21",0,"Corinna Balderramos Robinson","Brian Mast",0,1,0,1,1,41470,1128294,0,0,1,0,0,0.0354515953645351,-9.42443545805777,0,-27,-17.6,0,0,1,12,36.7,47.3205829861317,68.4,50.6,31.0603620065067
"381","Florida","FL","Representative","22",0,"Lois Frankel","Dan Franzese",0,1,1,0,0,247757,157031,0,0,1,0,0,0.612066069152248,17.5823533893785,1,10.2,-7.4,0,0,1,12,37.4,46.2842899337168,50.4,50.9,33.6970517242938
"382","Florida","FL","Representative","23",0,"Jared Moskowitz","Joe Budd",1,1,0,0,0,358291,65700,1,1,0,0,0,0.84504388064841,13.1645998427197,1,4.8,-8.4,0,0,1,12,43.9,47.5476100048831,56.1,51,35.8066617045032
"383","Florida","FL","Representative","24",0,"Frederica Wilson","Jesus G. Navarro",0,1,1,0,1,77521,9872,0,0,1,0,0,0.887039007700846,48.9650051613916,1,43.6,-5.5,0,0,1,12,29.5,33.2785628606511,23.1,50.9,39.9603801811041
"384","Florida","FL","Representative","25",0,"Debbie Wasserman Schultz","Carla Spalding",0,0,1,0,0,592607,330714,0,0,0,0,1,0.641821208442134,19.8716352240417,1,10.2,-9.8,0,0,1,12,40.9,50.1763714765112,46.6,50.3,38.0741465547303
"385","Florida","FL","Representative","26",0,"Christine Alexandria Olivo","Mario Diaz-Balart",0,1,0,1,1,57416,565197,0,0,1,0,0,0.0922177982149425,-18.2997559947366,0,-41.8,-23.5,0,0,1,12,29.1,40.225748048923,31.1,50.2,37.2866999798883
"386","Florida","FL","Representative","27",0,"Annette Taddeo","Maria Elvira Salazar",0,0,0,1,0,1334976,1481332,0,0,0,0,1,0.474016336281401,-0.31913209402315,0,-14.6,-14.3,0,0,1,12,41.9,44.1860858160775,29.1,51.7,38.6262324277925
"387","Florida","FL","Representative","28",0,"Robert Asencio","Carlos A. Gimenez",1,1,0,1,1,65282,393781,0,1,0,0,0,0.142207060904495,-6.33511850302158,0,-27.4,-21,0,0,1,12,28.5,43.4303061559379,28.2,50.7,37.2668699041041
"388","New York","NY","Representative","1",0,"Bridget Fleming","Nicholas J. LaLota",0,1,0,0,0,1461001,0,1,0,1,0,0,1,0.212975441487612,0,-11,-11.2,0,0,1,14,48.4,68.9988205953985,77,49.9,35.2427057538798
"389","New York","NY","Representative","2",0,"Jackie Gordon","Andrew R. Garbarino",0,1,0,1,0,619891,381333,0,0,1,0,0,0.619133180986473,-1.49708301175924,0,-21.5,-20,0,0,1,14,33.2,66.369969509117,59.9,51,38.2181118189566
"390","New York","NY","Representative","3",0,"Robert P. Zimmerman","George A.D. Santos",1,1,0,0,1,1318265,539861,1,1,0,0,0,0.709459423096173,8.14781789764757,0,-7.5,-15.7,0,0,1,14,52.5,68.5109860446541,59,51.3,33.9009105790874
"391","New York","NY","Representative","4",0,"Laura A. Gillen","Anthony P. D'Esposito",0,1,0,0,0,743227,660154,1,0,1,0,0,0.529597450727921,14.5014647561225,0,-3.6,-18.2,0,0,1,14,44.9,70.0763751134383,52.4,50.6,37.4579800991683
"392","New York","NY","Representative","5",0,"Gregory Meeks","Paul King",1,1,1,0,0,359153,51553,0,1,0,0,0,0.874477119886245,62.3691231531511,1,50.3,-12.1,0,0,1,14,27.4,49.1264779992253,14.9,52.2,38.4307118972867
"393","New York","NY","Representative","6",0,"Grace Meng","Thomas Zmich",0,1,1,0,0,361106,1000,0,0,1,0,0,0.997238377712603,30.225429809826,1,27.9,-2.4,0,0,1,14,39.1,47.2731011693294,28.9,50.6,35.6528464716778
"394","New York","NY","Representative","7",0,"Nydia M. Velazquez","Juan Pagan",0,1,1,0,0,29916,0,0,0,1,0,0,1,62.2926443938479,1,61.3,-1.3,0,0,1,14,46.2,52.522714425556,38.4,51.3,51.402328694424
"395","New York","NY","Representative","8",0,"Hakeem S. Jeffries","Yuri Dashevsky",1,1,1,0,0,1212373,2532,0,1,0,0,0,0.997915886427334,53.0157887131984,1,43.4,-9.8,0,0,1,14,34.6,40.1288648168517,29.5,54.4,38.9481182476552
"396","New York","NY","Representative","10",0,"Daniel Goldman","Benine Hamdan",1,0,0,0,0,1570584,850,1,0,0,1,0,0.99945909277768,70.9627985993135,1,68.4,-2.8,0,0,1,14,61.4,57.4914663857028,52.3,50.7,47.349759172165
"397","New York","NY","Representative","11",0,"Max N. Rose","Nicole Malliotakis",1,0,0,1,1,1162712,1132000,0,0,0,1,0,0.506691907306886,-7.61723310581013,0,-23.5,-15.8,0,0,1,14,37.8,50.9086033319801,54.5,50.5,38.249237488683
"398","New York","NY","Representative","12",0,"Jerrold L. Nadler","Michael Zumbluskas",1,1,1,0,0,976680,3300,0,1,0,0,0,0.996632584338456,71.041256451782,1,63.7,-7.7,0,0,1,14,77.7,66.4522660453764,66.9,52.6,43.4030365869575
"399","New York","NY","Representative","14",0,"Alexandria Ocasio-Cortez","Tina Forte",0,0,1,0,1,1707783,434865,0,0,0,0,1,0.797043191415482,56.4120709917051,1,43.3,-13.3,0,0,1,14,28.4,36.878567651747,21.4,50.2,42.8480929013871
"400","New York","NY","Representative","15",0,"Ritchie J. Torres","Stylo A. Sapaskis",1,1,1,0,0,1515360,0,0,1,0,0,0,1,69.8030918241207,1,65.5,-4.5,0,0,1,14,23,27.1957148160588,13.1,53.5,41.765098057336
"401","New York","NY","Representative","16",0,"Jamaal Bowman","Miriam L. Flisser",1,0,1,0,0,455122,0,0,0,0,1,0,1,43.6826373868431,1,28.5,-15.2,0,0,1,14,50.6,59.1980154184558,43.6,52,38.0746700451259
"402","New York","NY","Representative","17",0,"Sean Patrick Maloney","Michael V. Lawler",1,1,1,0,0,1967612,675802,0,1,0,0,0,0.744345002334103,10.0400267706484,0,-0.6,-10.7,0,0,1,14,49.6,65.7517748234796,67.1,50.3,36.5291616923015
"403","New York","NY","Representative","18",0,"Pat Ryan","Colin J. Schmitt",1,1,0,0,0,2757923,610965,1,1,0,0,0,0.818644905974909,8.34949474328876,1,1.3,-7.1,0,0,1,14,37.3,55.944553356118,66.5,50.1,39.0692207372542
"404","New York","NY","Representative","19",0,"Josh Riley","Marcus Molinaro",1,1,0,0,0,2095138,945234,1,1,0,0,0,0.689105806789432,4.62046903237927,0,-1.6,-6.2,0,0,1,14,34.6,42.0527099181813,83,50.2,38.5028330539217
"405","New York","NY","Representative","20",0,"Paul D. Tonko","Elizabeth L. Joy",1,0,1,0,1,283445,304724,0,0,0,1,0,0.481910811348439,19.1175101622863,1,10.1,-9.1,0,0,1,14,42,51.7866661792971,75.7,51.4,40.4504940590289
"406","New York","NY","Representative","21",0,"Matt Castelli","Elise M. Stefanik",1,0,0,1,1,1151520,1759076,0,0,0,1,0,0.395630310767966,-12.3615214686262,0,-18.3,-5.9,0,0,1,14,26.5,41.4408926928668,88.4,48.1,36.8829225386122
"407","New York","NY","Representative","22",0,"Francis Conole","Brandon M. Williams",1,1,0,0,0,1486214,449599,1,1,0,0,0,0.767746678010738,7.44805168638934,0,-1,-8.4,0,0,1,14,34.1,42.3072068262574,78,50.9,38.022072330766
"408","New York","NY","Representative","23",0,"Max H. Della Pia","Nick Langworthy",1,1,0,0,0,114990,520969,1,1,0,0,0,0.180813543011421,-17.1957283688349,0,-29.9,-12.7,0,0,1,14,31,41.9972732014262,89.7,49.8,34.5790466843849
"409","New York","NY","Representative","24",0,"Steven Holden","Claudia Tenney",1,0,0,1,0,43043,617406,0,0,0,1,0,0.0651723297332572,-17.1792132930932,0,-31.4,-14.2,0,0,1,14,26.8,42.4121090410567,88.4,49.3,36.2251522742425
"410","New York","NY","Representative","25",0,"Joseph D. Morelle","La'Ron D. Singletary",1,1,1,0,0,556186,216497,0,1,0,0,0,0.719811358603722,19.625597512194,1,7.7,-12,0,0,1,14,39.8,43.2864455997234,70.9,51.5,39.32242385674
"411","New York","NY","Representative","26",0,"Brian Higgins","Steven L. Sams II",1,1,1,0,0,260698,6000,0,1,0,0,0,0.977502643439396,23.3813273087968,1,27.9,4.5,0,0,1,14,36.7,38.378918667956,68.9,51.7,40.590749742614
"412","Massachusetts","MA","Representative","1",0,"Richard E. Neal","Dean James Martilli",1,1,1,0,0,425407,8080,0,1,0,0,0,0.981360456022903,21.5844224315364,1,23.1,1.5,0,0,1,8,33.6,43.639870365979,72.2,51.5,37.8986837781944
"413","Massachusetts","MA","Representative","2",0,"James P. McGovern","Jeffrey A. Sossa-Paquette",1,1,1,0,0,307952,81379,0,1,0,0,0,0.790977343186132,30.6843794650943,1,32.5,1.7,0,0,1,8,47.3,56.1449452706882,72.7,51.6,41.1269181340147
"414","Massachusetts","MA","Representative","3",0,"Lori Loureiro Trahan","Dean A. Tran",0,1,1,0,0,547740,41434,0,0,1,0,0,0.929674425551705,27.3022693989246,1,27.1,-0.3,0,0,1,8,38.6,54.4371657890353,64.7,50.5,38.2845058799257
"415","Massachusetts","MA","Representative","5",0,"Katherine M. Clark","Caroline Colarusso",0,0,1,0,1,356024,44520,0,0,0,0,1,0.88885116241911,50.8760099432914,1,48.1,-3.1,0,0,1,8,60.7,66.4417269777889,64.5,51.4,42.8022331441067
"416","Massachusetts","MA","Representative","6",0,"Seth Moulton","Bob May",1,1,1,0,0,333399,11918,0,1,0,0,0,0.965486784606608,27.4783181711637,1,27.8,0.2,0,0,1,8,49.5,63.0103881938389,78.6,50.9,35.9946060133722
"417","Massachusetts","MA","Representative","7",0,"Ayanna S. Pressley","Donnie Dionicio Palmer",0,1,1,0,1,319561,0,0,0,1,0,0,1,72.1119744087395,1,69.5,-2.9,0,0,1,8,47.6,50.3543882278614,39.8,51.5,53.8224416731544
"418","Massachusetts","MA","Representative","8",0,"Stephen F. Lynch","Robert G. Burke",1,1,1,0,0,316855,0,0,1,0,0,0,1,35.2840245064278,1,39.6,4.1,0,0,1,8,51.4,61.9320422346376,67.1,51.3,41.615564145954
"419","Massachusetts","MA","Representative","9",0,"Bill Keating","Jesse G. Brown",1,1,1,0,0,159383,36020,0,1,0,0,0,0.815663014385654,18.1088376142795,1,18.4,0.2,0,0,1,8,41.9,56.5727822624178,83.2,50.7,33.3284150710689
"420","Delaware","DE","Representative","0",0,"Lisa Blunt Rochester","Lee Murphy",0,1,1,0,0,608714,141180,0,0,1,0,0,0.811733391652687,18.9807741909883,1,12.5,-6.5,0,0,1,16,35.6,47.7212528054674,60.8,51.6,37.0321830924153
"421","New Hampshire","NH","Senator","0",0,"Maggie Hassan","Donald C. Bolduc",0,1,1,0,1,12184882,1863740,0,0,1,0,0,0.867336454778269,7.3742929190516,1,9.2,1.8,0,0,1,15,40.2467277188347,56.9330652195334,87.9365035939732,50.0908572547574,37.2165570428051
"422","New Hampshire","NH","Representative","1",0,"Chris Pappas","Karoline Leavitt",1,0,1,0,1,1743249,1711474,0,0,0,1,0,0.504598776804971,5.92760876790063,1,8.1,2.1,0,0,1,15,42.4,59.2044475765406,87.4,50.6,38.304270082465
"423","New Hampshire","NH","Representative","2",0,"Ann McLane Kuster","Robert Burns",0,1,1,0,0,1267419,98570,0,0,1,0,0,0.927839828871243,8.83023200668938,1,11.7,2.8,0,0,1,15,38.1,54.5434802144804,88.4,49.5,36.119750435581
"424","Rhode Island","RI","Representative","1",0,"David N. Cicilline","Allen R. Waters",1,1,1,0,0,419463,19130,0,1,0,0,0,0.956383252810692,28.9452604579544,1,28.2,-0.9,0,0,1,13,35.9,47.3773234542479,64.7,51.1,40.9081152480806
"425","Rhode Island","RI","Representative","2",0,"Seth M. Magaziner","Allan W. Fung",1,1,0,0,0,1155719,844812,1,1,0,0,0,0.577706119025399,13.6635888098954,1,3.7,-10,0,0,1,13,37.1,51.3750752450518,76.8,51,38.7926070569002
