"","State","Office","District","Special","Abortion_Salience","Illegal.Status","Hostile.Status","Dem_Woman_Rep_Man","Dem_Man_Rep_Woman","Dem_Woman_Rep_Woman","Share_Bachelors","Adherence_per_1000_Evan","Rep_Election_Denier","Dem_Incumbent","Rep_Incumbent","Dem_Margin_2020","Share_Above_75k","Share_White","Share_Age_15_to_44","Share_Female","urbanindex","South","West","Midwest","Fundraising_Prop","Dem_Margin_Shift","District_DEM_Win"
"1","Texas","Representative","1",0,11,1,0,0,0,0,22.1,235.4,0,0,0,-45.8725865410564,35.4460873009925,66.6,38.5116722739987,50.5,9.61616,1,0,0,0.269420064749144,-10.3,0
"2","Texas","Representative","2",0,11,1,0,1,0,0,37.7,235.4,0,0,1,-22.7659925686219,57.1759320161014,54.2,41.0741247055028,50.9,11.66319,1,0,0,0.0380830706530391,-9,0
"3","Texas","Representative","3",0,11,1,0,0,0,0,48,235.4,1,0,0,-14.3760816867848,62.7150146034115,60.2,39.4722448736053,50.5,11.57905,1,0,0,0.202474710661523,-9.2,0
"4","Texas","Representative","4",0,11,1,0,1,0,0,45.8,235.4,1,0,1,-25.9053045892726,54.3412387378288,64.1,40.4991608343704,50.7,10.84754,1,0,0,0.110914970396638,-9.8,0
"5","Texas","Representative","5",0,11,1,0,1,0,0,23.9,235.4,1,0,1,-22.4247808377613,43.419109420452,51.4,39.486832732866,51.4,10.95429,1,0,0,0.0135880642443677,-7.7,0
"6","Texas","Representative","7",0,11,1,0,1,0,0,50.2,235.4,0,1,0,29.7294011207307,46.0436877390773,31.1,47.6040437356896,51.1,12.90726,1,0,0,0.932327058269088,-2.1,1
"7","Texas","Representative","8",0,11,1,0,1,0,0,33,235.4,1,0,0,-27.1829994239263,54.4746598030111,50.1,40.0267672406969,47.7,11.14212,1,0,0,0.00860069384872137,-10.4,0
"8","Texas","Representative","9",0,11,1,0,0,0,0,33,235.4,0,1,0,53.4058374655755,34.9629728327186,18.7,42.4333489527328,52.5,12.64574,1,0,0,1,0,1
"9","Texas","Representative","10",0,11,1,0,1,0,0,40.3,235.4,0,0,1,-18.7757537282287,49.3498503956825,64.6,42.2818592908453,49.4,10.15221,1,0,0,0,-10.2,0
"10","Texas","Representative","12",0,11,1,0,0,1,0,35,235.4,0,0,1,-18.126636332032,49.5535607502503,59.5,42.5383629755171,51.7,11.67191,1,0,0,0.0273963857050579,-10.4,0
"11","Texas","Representative","13",0,11,1,0,1,0,0,25.6,235.4,1,0,1,-45.4642885760838,37.759429922231,67.1,43.0039566712071,49,9.96255,1,0,0,0.0384564889894263,-5.3,0
"12","Texas","Representative","14",0,11,1,0,0,0,0,25.5,235.4,1,0,1,-28.4992764340124,48.0234024759737,56.7,40.0568955563867,49.3,10.69072,1,0,0,0.0838579578988786,-11.8,0
"13","Texas","Representative","15",0,11,1,0,0,0,1,21.3,235.4,1,0,0,-2.87623180623836,33.002561076455,34.4,41.9588598809291,50.1,10.90763,1,0,0,0.403090357328132,-5.6,0
"14","Texas","Representative","16",0,11,1,0,0,0,1,27.1,235.4,1,1,0,35.4189180338606,31.5720680127207,29,43.5661667113402,50.5,11.98973,1,0,0,0.721354303956887,-8.5,1
"15","Texas","Representative","17",0,11,1,0,1,0,0,27,235.4,1,0,1,-22.525244178552,38.8257169914355,57.1,42.3448578858617,50.6,10.03186,1,0,0,0,-10.5,0
"16","Texas","Representative","18",0,11,1,0,0,0,1,27.4,235.4,1,1,0,48.5479606702167,36.845297700444,23,46.575266627386,49.3,12.6062,1,0,0,0.864135406195976,-4,1
"17","Texas","Representative","20",0,11,1,0,0,0,0,24.8,235.4,0,1,0,33.0804624868005,35.00269194633,34,46.9121501300134,51.4,12.52761,1,0,0,0.55425579183848,3.7,1
"18","Texas","Representative","21",0,11,1,0,1,0,0,46.2,235.4,0,0,1,-19.6915227554165,54.516664772225,64.4,37.3859034769357,50.3,10.72731,1,0,0,0.0424019369427592,-5.9,0
"19","Texas","Representative","22",0,11,1,0,1,0,0,46.4,235.4,1,0,1,-16.0360720605657,56.8271016167521,45.9,39.6177906114414,50.1,11.31486,1,0,0,0,-10.6,0
"20","Texas","Representative","23",0,11,1,0,0,0,0,30.3,235.4,0,0,1,-7.18534768634253,46.8502609767155,43.5,42.685075361451,47.9,9.96234,1,0,0,0.287718023807656,-10,0
"21","Texas","Representative","24",0,11,1,0,0,0,1,53,235.4,1,0,1,-12.3446307454655,61.7311246853381,67.6,37.9176507130655,49.9,12.45018,1,0,0,0.112028694107245,-7,0
"22","Texas","Representative","27",0,11,1,0,0,0,0,21.8,235.4,1,0,1,-22.3961044820669,39.9945601763061,47.7,39.9977559997988,49,10.02864,1,0,0,0,-6.3,0
"23","Texas","Representative","28",0,11,1,0,0,1,0,20.3,235.4,0,1,0,7.03578045670011,36.3085950682277,33.9,40.7876276212475,50.6,11.00937,1,0,0,0.660010869183162,6.4,1
"24","Texas","Representative","29",0,11,1,0,1,0,0,11.7,235.4,0,1,0,36.727593192405,29.9593665773714,17.8,43.6112120839487,48.5,12.45498,1,0,0,1,6,1
"25","Texas","Representative","30",0,11,1,0,1,0,0,30.1,235.4,0,0,0,56.7402035359266,39.3006346979625,23.8,44.4489584067564,50.6,12.2694,1,0,0,0.826273283677584,-3.8,1
"26","Texas","Representative","32",0,11,1,0,0,0,0,38,235.4,0,1,0,32.9544159760572,38.6191259360978,38.2,47.3514137486878,50.2,12.76321,1,0,0,0.967434468597552,-2.2,1
"27","Texas","Representative","33",0,11,1,0,0,0,0,22.6,235.4,0,1,0,49.8862104068178,33.7668283277937,20.3,45.5189957826741,50.5,12.42466,1,0,0,1,-3.4,1
"28","Texas","Representative","34",0,11,1,0,0,1,0,18.1,235.4,1,1,0,15.5139418441313,29.1907804502726,30.9,41.9421253668408,50.9,11.11507,1,0,0,0.466222641997059,-6,1
"29","Texas","Representative","35",0,11,1,0,0,0,0,31.1,235.4,0,0,0,45.1312708234174,42.2851732136228,38,50.9225597200018,48.9,11.94555,1,0,0,1,0,1
"30","Texas","Representative","36",0,11,1,0,0,0,0,24.3,235.4,1,0,1,-31.5936662990389,44.2846555115305,52.7,40.5059911260557,50.8,10.65274,1,0,0,0.0943718835883159,-7.4,0
"31","Texas","Representative","37",0,11,1,0,0,1,0,61.6,235.4,1,1,0,52.6265585078871,53.4674016325882,59.3,51.1350194260451,49.3,12.43119,1,0,0,0.997062126237171,2.9,1
"32","Texas","Representative","38",0,11,1,0,0,0,0,50.8,235.4,0,0,0,-18.1261100001398,58.1130254100072,55,40.1973156195014,51.4,12.42589,1,0,0,0.0566769991139237,-9.3,0
"33","Indiana","Senator","0",0,9,0,1,0,0,0,28.879244833628,182.59,0,0,1,-16.0777908563315,41.4316218113668,77.9978210354563,39.6048771779544,50.4123062275336,10.41,0,0,1,0.219098265275411,-4.7,0
"34","Indiana","Representative","1",0,9,0,1,0,1,0,25.2,182.59,0,1,0,8.35583628806913,42.9330753743766,63.4,38.3378705765194,50.7,11.26531,0,0,1,0.426974786293203,-2.8,1
"35","Indiana","Representative","2",0,9,0,1,0,1,0,24.6,182.59,1,0,1,-22.569386470762,39.9080807865384,78.9,38.6305630882118,50.6,10.29184,0,0,1,0.132105069823739,-9.6,0
"36","Indiana","Representative","3",0,9,0,1,0,0,0,24.3,182.59,0,0,1,-29.8978986290114,40.3208294517013,82.1,38.2482937108693,50.1,10.18394,0,0,1,0.0460939711533409,-5.4,0
"37","Indiana","Representative","4",0,9,0,1,0,0,0,31.4,182.59,1,0,1,-29.1345081741699,45.775490132244,83.6,41.2364540025899,49.6,9.95885,0,0,1,0,-7.3,0
"38","Indiana","Representative","5",0,9,0,1,0,0,1,40.8,182.59,0,0,1,-15.9385179042757,46.5091214188358,83.7,39.4017837095519,50.8,10.86186,0,0,1,0.013920625302662,-6.2,0
"39","Indiana","Representative","6",0,9,0,1,1,0,0,27.3,182.59,1,0,1,-31.9266757503045,43.6564654733195,83.2,39.4348476966036,49.8,10.64735,0,0,1,0.0261184910350799,-3.1,0
"40","Indiana","Representative","7",0,9,0,1,0,1,0,37.5,182.59,0,1,0,42.3678033009255,36.9693983051666,48.7,43.3433604354119,52,12.2291,0,0,1,0.551125305653975,-6,1
"41","Indiana","Representative","8",0,9,0,1,0,0,0,22.5,182.59,0,0,1,-32.8325880786384,37.8296054122293,88.7,37.9172404834774,49.9,9.56708,0,0,1,0.226577726165881,-1.4,0
"42","Indiana","Representative","9",0,9,0,1,0,1,0,26.6,182.59,0,0,0,-27.3892973157805,39.3246975712749,89.2,39.8981257082849,50.2,9.74306,0,0,1,0.127101919075557,-2.7,0
"43","Ohio","Senator","0",0,9,0,1,0,0,0,30.7208462013855,196.97,1,0,0,-8.03443360054591,41.5184850903863,77.3386405129976,38.3657680629833,50.6912850804884,10.88,0,0,1,0.815232464509482,1.4,0
"44","Ohio","Representative","1",0,9,0,1,0,0,0,45,196.97,1,0,1,8.45825035216398,47.3803766842396,69.3,41.6572542076236,50.7,11.9257,0,0,1,0.652481136546377,-2.9,1
"45","Ohio","Representative","2",0,9,0,1,1,0,0,20.8,196.97,0,0,1,-45.3587557774276,37.1936250633207,93.2,36.6048774777388,49.9,9.35387,0,0,1,0.0245906242729118,-3.7,0
"46","Ohio","Representative","3",0,9,0,1,1,0,0,44.2,196.97,0,1,0,43.7639763913547,42.6714840541866,55.2,47.3392609072057,50.8,12.51553,0,0,1,1,-2.7,1
"47","Ohio","Representative","4",0,9,0,1,1,0,0,28.5,196.97,1,0,1,-35.6810440554467,44.7351258991633,86.4,37.3612458578502,49.6,9.84778,0,0,1,0.0102561419202345,-2.7,0
"48","Ohio","Representative","5",0,9,0,1,0,0,0,23.6,196.97,0,0,1,-26.7954610200856,40.8452075794129,85.4,36.8218182650294,50.3,9.90051,0,0,1,0.0558400437807834,-7,0
"49","Ohio","Representative","6",0,9,0,1,0,0,0,20.4,196.97,1,0,1,-28.7228710340334,33.3828030794917,87,34.9105406082083,50.2,10.12129,0,0,1,0.123896681217101,-6.7,0
"50","Ohio","Representative","7",0,9,0,1,0,0,0,36.6,196.97,1,0,0,-9.22706606044397,50.2518104735662,85.9,35.2590807585067,50.7,11.35736,0,0,1,0.148848643398487,-1.5,0
"51","Ohio","Representative","8",0,9,0,1,1,0,0,30.5,196.97,1,0,1,-22.0245623751113,46.9035688954695,76.5,38.0400015807878,50.9,11.23309,0,0,1,0,-7.2,0
"52","Ohio","Representative","9",0,9,0,1,1,0,0,27.7,196.97,1,1,0,-2.91820965902539,38.6976853215365,76.5,36.9404313359728,50.9,10.81999,0,0,1,0.749537895209724,16.1,1
"53","Ohio","Representative","10",0,9,0,1,0,0,0,31.5,196.97,0,0,1,-3.51999060587031,39.8984413268954,72.8,38.9272853767995,51.4,11.47421,0,0,1,0.105909051852676,-19.9,0
"54","Ohio","Representative","11",0,9,0,1,1,0,0,32.8,196.97,0,1,0,57.5981629925588,29.7574566726744,43,40.9450830806455,52.7,12.4239,0,0,1,1,-2,1
"55","Ohio","Representative","12",0,9,0,1,1,0,0,25.8,196.97,0,0,1,-30.8570738277114,44.1650763518233,89.1,38.3634709915067,50.2,9.76928,0,0,1,0,-7.7,0
"56","Ohio","Representative","13",0,9,0,1,0,0,1,33.8,196.97,0,0,0,2.8189921936737,40.9108193481743,77,37.0479339138474,51.2,11.65369,0,0,1,0.610444346614897,2.6,1
"57","Ohio","Representative","14",0,9,0,1,0,0,0,27.6,196.97,0,0,1,-14.9441212232777,42.8536816438101,87,35.6277864534612,50.5,10.5151,0,0,1,0.0237048850398452,-8.5,0
"58","Ohio","Representative","15",0,9,0,1,0,0,0,32.7,196.97,0,0,1,-6.75792031801978,44.960701998043,74.9,39.609459964382,50.4,11.37228,0,0,1,0.046419801149976,-7.2,0
"59","West Virginia","Representative","1",0,5,1,0,0,1,0,21.4,168.32,1,0,1,-40.9031626997066,28.8922222345909,91.5,34.6948910406132,50.8,9.06467,1,0,0,0,3,0
"60","West Virginia","Representative","2",0,5,1,0,0,0,0,26.8,168.32,1,0,1,-37.0134004516559,39.1204539379225,89.9,37.6499341272105,49.7,9.60292,1,0,0,0.0257014752988556,5.9,0
"61","Nebraska","Representative","1",0,17,0,1,1,0,0,37.4,143.58,0,0,0,-11.0615313095919,45.9355085637738,80.4,42.6821190040657,49.5,10.91282,0,0,1,0.551724280270258,-4.8,0
"62","Nebraska","Representative","2",0,17,0,1,0,0,0,41.3,143.58,0,0,1,6.31667342514217,48.5721621435195,71.6,41.6492042470637,50.3,11.95222,0,0,1,0.682900560025704,-9,0
"63","Nebraska","Representative","3",0,17,0,1,0,0,0,25,143.58,0,0,1,-51.8342475613691,40.0075070236168,83.3,35.1381819581873,49.6,8.26581,0,0,1,0,-10.7,0
"64","Kentucky","Senator","0",0,16,1,0,0,0,0,26.9801781558462,313.89,0,0,1,-25.9512343146786,36.7726168489126,83.3025235763386,38.8392985842444,50.5625811361793,9.79,1,0,0,0.23891624337749,2.3,0
"65","Kentucky","Representative","1",0,16,1,0,0,0,0,20.4,313.89,0,0,1,-42.7744974910068,32.8392372770265,85.6,37.3790240168635,50.6,8.87433,1,0,0,0.000508906888360078,-7.1,0
"66","Kentucky","Representative","2",0,16,1,0,0,0,0,24.2,313.89,0,0,1,-36.5735951160173,38.5598041283817,85.9,38.9081437464779,50.4,9.56108,1,0,0,0.159182213995751,-7.1,0
"67","Kentucky","Representative","3",0,16,1,0,0,0,0,35.6,313.89,0,0,0,22.3482954157273,39.2847286685567,64.3,40.1293178069654,51.5,12.09429,1,0,0,0.878419661641716,1.7,1
"68","Kentucky","Representative","4",0,16,1,0,0,0,0,32.1,313.89,0,0,1,-32.7043455320192,47.0206344871454,88.1,38.6155259942703,50,10.35224,1,0,0,0.241919619593538,-1.4,0
"69","Kentucky","Representative","5",0,16,1,0,0,0,0,14.5,313.89,1,0,1,-59.325543468302,23.1643645728519,94.4,36.5262227774841,50,8.76626,1,0,0,0.0158630297038602,-5,0
"70","Kentucky","Representative","6",0,16,1,0,0,0,0,35.3,313.89,0,0,1,-10.949757602468,39.2376908300475,81.2,41.4796181974103,50.9,10.63682,1,0,0,0.0180630289424487,-18.1,0
"71","Oregon","Senator","0",0,14,0,0,0,1,0,36.3310329353419,127.83,1,1,0,16.1054175235141,47.8357499328967,74.6427532673678,40.046300712056,50.0363976350369,10.71,0,1,0,0.988658559440917,-1.2,1
"72","Oregon","Representative","1",0,14,0,0,1,0,0,47.8,127.83,1,1,0,38.9844050243735,54.1000047114886,68.4,43.8139436768273,49.8,11.6196,0,1,0,1,-3.3,1
"73","Oregon","Representative","2",0,14,0,0,0,0,0,24,127.83,0,0,1,-24.3168230599926,37.2149466192171,78.3,35.588867385287,49.5,8.90369,0,1,0,0.0783365361777471,-10.6,0
"74","Oregon","Representative","3",0,14,0,0,0,1,0,42,127.83,0,1,0,46.9748735469441,52.2818729584653,68.2,43.6554635673953,49.9,12.27807,0,1,0,0.978660512463841,-3.7,1
"75","Oregon","Representative","4",0,14,0,0,1,0,0,31.5,127.83,0,0,0,12.6339206307823,40.1041455195095,81.8,38.5390147230965,50.6,10.15422,0,1,0,0.334286661927627,-5.4,1
"76","Oregon","Representative","5",0,14,0,0,0,0,1,37.8,127.83,0,0,0,8.7761648325919,53.6187650737413,80.6,37.4390390963063,50.2,10.97807,0,1,0,0.603136012417382,-10.9,0
"77","Oregon","Representative","6",0,14,0,0,1,0,0,34.8,127.83,0,0,0,13.0697218066307,49.8445738936385,70.4,41.3501458923691,50.2,11.27783,0,1,0,0.738594827977103,-10.6,1
"78","Idaho","Senator","0",0,10,1,0,0,0,0,30.7152069951001,123.92,0,0,1,-30.7971695448188,44.0282353483734,81.4385958821057,39.8834145307306,49.7973879005094,9.59,0,1,0,0.0469632531590128,-1.2,0
"79","Idaho","Representative","1",0,10,1,0,1,0,0,28.2,123.92,1,0,1,-38.1614428922187,45.2651918182515,82.5,38.192091446333,49.8,10.01293,0,1,0,0.227033558093308,-6.8,0
"80","Idaho","Representative","2",0,10,1,0,1,0,0,33.5,123.92,0,0,1,-22.9429565383149,42.7514138689488,80.4,41.6373584687297,49.8,9.99565,0,1,0,0.0237644607009187,-4.3,0
"81","North Carolina","Senator","0",0,11,0,1,1,0,0,34.9128550828968,265.65,0,0,0,-1.35092964768635,41.4169237865917,62.4334362414301,39.2643293695993,51.196626494788,10.32,1,0,0,0.754824449855654,-1.9,0
"82","North Carolina","Representative","1",0,11,0,1,0,1,0,21.9,265.65,1,0,0,7.28975488396754,30.5593469387755,48,37.8355299348582,51.6,9.45644,1,0,0,0.567434937170473,-2.5,1
"83","North Carolina","Representative","2",0,11,0,1,0,0,1,59.8,265.65,0,1,0,28.6523107630892,58.9439793079757,58.6,44.2779751261362,51.3,11.81898,1,0,0,0.931920987263062,0.6,1
"84","North Carolina","Representative","3",0,11,0,1,1,0,0,24.1,265.65,1,0,1,-25.3179788740063,34.816708204298,66,39.5800683169254,48.8,9.34073,1,0,0,0.0106615967907906,-8.5,0
"85","North Carolina","Representative","4",0,11,0,1,0,0,1,45.8,265.65,0,0,0,34.9898362186287,44.7476753036169,55.3,42.1703241822197,51.6,10.8961,1,0,0,0.358423276136462,-1.2,1
"86","North Carolina","Representative","5",0,11,0,1,0,1,0,30.1,265.65,1,0,1,-21.2545019194997,34.3583555529606,76,37.6306709230806,51.3,10.03604,1,0,0,0.00813594676934297,-5.1,0
"87","North Carolina","Representative","6",0,11,0,1,1,0,0,33.7,265.65,0,1,0,12.3784428452019,39.2306941128535,51.6,38.7262839206076,52.3,11.04841,1,0,0,0.774189421558523,-3.5,1
"88","North Carolina","Representative","7",0,11,0,1,0,0,0,30.8,265.65,1,0,1,-12.7193411930594,38.2313760358952,62.7,36.2502440800688,51.8,10.01653,1,0,0,0.161622756869306,-2.7,0
"89","North Carolina","Representative","8",0,11,0,1,0,0,0,25.4,265.65,1,0,1,-34.0090702371727,41.1701486939242,72.1,36.4000587279059,50.5,10.18313,1,0,0,0.0283931363993745,-5.7,0
"90","North Carolina","Representative","9",0,11,0,1,0,0,0,28.9,265.65,1,0,1,-7.96482017455297,37.687968307399,59.1,40.641706277757,50.9,10.20829,1,0,0,0.058719626178145,-5,0
"91","North Carolina","Representative","10",0,11,0,1,1,0,0,24.6,265.65,0,0,1,-39.4688946675494,38.7756949193451,77.2,35.6238566260384,51.1,10.17915,1,0,0,0.0583712327531186,-5.8,0
"92","North Carolina","Representative","11",0,11,0,1,1,0,0,35.6,265.65,0,0,0,-10.1349644794063,37.0090668890764,85,34.573523530196,51.2,9.70481,1,0,0,0.69448271634878,0.8,0
"93","North Carolina","Representative","12",0,11,0,1,1,0,0,39.9,265.65,0,1,0,30.1033937145351,46.0177504285398,42.9,42.6780757810483,52.2,11.79664,1,0,0,0.57445315197646,-4.8,1
"94","North Carolina","Representative","13",0,11,0,1,0,0,0,38.3,265.65,1,0,0,1.69401399665834,48.3903887516787,61.3,39.7811323008373,51,10.83426,1,0,0,0.641195542370242,1.5,1
"95","North Carolina","Representative","14",0,11,0,1,0,0,0,49.7,265.65,0,0,0,16.3618913427472,50.5719990494971,58,43.4966376470989,51.3,11.90635,1,0,0,0.815674353986175,-1,1
"96","Pennsylvania","Senator","0",0,12,0,1,0,0,0,34.5449028563258,98.03,0,0,0,1.1857308730739,46.2094345410441,74.8584547922348,37.8990803495449,50.6355726942247,11.15,0,0,0,0.698536077654575,3.7,1
"97","Pennsylvania","Representative","1",0,12,0,1,1,0,0,44.6,98.03,0,0,1,4.63989053341369,62.4266778460584,81.6,35.5409683255786,50.6,11.71746,0,0,0,0.425161349217217,-14.4,0
"98","Pennsylvania","Representative","2",0,12,0,1,0,0,0,26.6,98.03,1,1,0,42.7384507796786,36.7818011986173,37.6,41.8174874314219,50.7,13.47543,0,0,0,1,8.7,1
"99","Pennsylvania","Representative","4",0,12,0,1,1,0,0,48.7,98.03,0,1,0,18.9295384945417,62.799659542527,76.9,36.5861180254202,50.9,11.84089,0,0,0,0.760202472188337,3.7,1
"100","Pennsylvania","Representative","5",0,12,0,1,1,0,0,42.7,98.03,0,1,0,32.2771692963692,50.1428930236978,60.1,39.4334596172232,52,12.70543,0,0,0,0.515828768184789,-2.1,1
"101","Pennsylvania","Representative","6",0,12,0,1,1,0,0,47.9,98.03,0,1,0,14.714202271707,59.3178366128104,71.3,38.1146415223049,50.3,11.35723,0,0,0,0.755914453177232,1.8,1
"102","Pennsylvania","Representative","7",0,12,0,1,0,0,1,31.3,98.03,0,1,0,0.621218273855617,47.5345677851086,70.1,37.8374418851887,50.7,11.4384,0,0,0,0.650611875944846,1.4,1
"103","Pennsylvania","Representative","8",0,12,0,1,0,0,0,27.9,98.03,1,1,0,-2.90816125860374,42.0822479202084,75.9,36.2508660784101,49.9,10.55984,0,0,0,0.573638661196781,5.3,1
"104","Pennsylvania","Representative","9",0,12,0,1,1,0,0,23.2,98.03,1,0,1,-36.5258657678569,40.0722679774732,88.7,35.1965140657759,49.8,9.61451,0,0,0,0.020237193474353,-2.1,0
"105","Pennsylvania","Representative","10",0,12,0,1,1,0,0,33.6,98.03,1,0,1,-4.13271333039683,48.6934316007241,73.7,38.4194117700929,50.1,11.25456,0,0,0,0.15190659356086,-3.5,0
"106","Pennsylvania","Representative","11",0,12,0,1,0,0,0,28.9,98.03,1,0,1,-21.2548863544773,50.6560008669913,83.4,36.8556480971195,50.6,10.90266,0,0,0,0.469303703968986,-1.7,0
"107","Pennsylvania","Representative","12",0,12,0,1,1,0,0,40.6,98.03,0,0,0,19.9502372922384,42.0693948331826,74.3,41.3998149616706,51.5,12.1425,0,0,0,0.836968102716596,-7.5,1
"108","Pennsylvania","Representative","16",0,12,0,1,0,0,0,29.3,98.03,1,0,1,-20.6383669294359,40.5103602691899,88.2,35.7222854612879,50.6,10.09883,0,0,0,0.412723213197549,1.9,0
"109","Pennsylvania","Representative","17",0,12,0,1,0,0,0,45.2,98.03,0,0,0,5.8333259991375,51.8070516847735,83,36.004414281655,50.8,11.57211,0,0,0,0.665934691266254,1,1
"110","Virginia","Representative","9",0,10,0,0,1,0,0,23,203.38,0,0,1,-41.8947572999385,31.6199010397637,88,36.1708999734461,49.9,9.07969,1,0,0,0.17316771990993,-4.9,0
"111","Alabama","Senator","0",0,12,0,1,0,1,0,27.4328872672989,420.95,1,0,0,-25.4616529547425,36.2875522411272,65.1182757039507,38.3646465975261,51.4691330760652,9.61,1,0,0,0.0141919520131133,-10.4,0
"112","Alabama","Representative","2",0,12,0,1,1,0,0,24.9,420.95,1,0,1,-29.3705922901532,33.2880698351115,60.5,38.3672711431811,51.7,9.51913,1,0,0,0.0574881915747686,-10.5,0
"113","Alabama","Representative","3",0,12,0,1,1,0,0,23.2,420.95,1,0,1,-34.0260124801945,31.5983583031973,67.9,39.1980191019134,51.1,9.46407,1,0,0,0.00136031643052969,-12,0
"114","Alabama","Representative","4",0,12,0,1,0,0,0,19.1,420.95,1,0,1,-61.6634398637096,32.4962276750303,82.5,36.1421439141439,51.1,9.14366,1,0,0,0.0245947731330083,-8.7,0
"115","Alabama","Representative","5",0,12,0,1,1,0,0,36.5,420.95,1,0,0,-26.9899277753421,46.9557120330596,71.6,38.5685729327761,50.8,10.27975,1,0,0,0.0190938716107191,-10.5,0
"116","Alabama","Representative","7",0,12,0,1,0,0,1,21.9,420.95,0,1,0,32.0516896663467,27.3883654385504,35.9,41.1775547218495,52.7,10.25422,1,0,0,0.938247050418059,-3.3,1
"117","Arkansas","Senator","0",0,6,1,0,1,0,0,25.2744799076242,383.26,0,0,1,-27.6206679031294,34.5207932920776,69.9247593518735,38.8712944385637,50.6366554512373,9.26,1,0,0,0.0100168492965562,-7,0
"118","Arkansas","Representative","1",0,6,1,0,0,0,0,18.4,383.26,1,0,1,-40.9063014310023,28.3813724200483,74.4,36.6613173624081,50.3,8.83946,1,0,0,0.0910349869598532,-6.7,0
"119","Arkansas","Representative","2",0,6,1,0,1,0,0,33.2,383.26,0,0,1,-13.1245101954414,37.7852878654803,69.2,39.8153564803103,51.4,10.27967,1,0,0,0,-11.6,0
"120","Arkansas","Representative","3",0,6,1,0,1,0,0,30.3,383.26,0,0,1,-23.4169458561181,42.8317599029324,65.3,42.2033537862193,50.4,10.41405,1,0,0,0.0283289709057764,-7.4,0
"121","Arkansas","Representative","4",0,6,1,0,0,0,0,19.2,383.26,0,0,1,-35.246619971769,28.8335175737935,70.8,36.7221769341252,50.4,8.73533,1,0,0,0,-9.6,0
"122","Georgia","Senator","0",0,11,0,1,0,0,0,34.6278982360489,262.58,0,1,0,0.253476955603721,44.7642891008468,51.8754920336614,40.8382429442072,51.2004093497831,10.55,1,0,0,0.702936151009043,2.6,1
"123","Georgia","Representative","1",0,11,0,1,0,0,0,28.2,262.58,0,0,1,-13.3842381993265,38.7132356661686,58.5,41.2998324958124,51,9.88095,1,0,0,0.576032473071374,-4.8,0
"124","Georgia","Representative","2",0,11,0,1,0,0,0,21.8,262.58,0,1,0,10.374593500414,30.6785202219252,42,40.1808656231845,51.2,9.92455,1,0,0,0.671206270799272,-0.3,1
"125","Georgia","Representative","3",0,11,0,1,0,0,0,27.8,262.58,0,0,1,-30.1137145632026,44.6418364233789,65.5,38.8028373930643,51.1,10.05251,1,0,0,0.000517146067014997,-7.4,0
"126","Georgia","Representative","4",0,11,0,1,0,0,0,41.9,262.58,0,1,0,57.7066503548109,45.6311812160295,27.4,42.0072973401724,53,12.11052,1,0,0,1,-0.7,1
"127","Georgia","Representative","5",0,11,0,1,1,0,0,55.1,262.58,0,1,0,66.5250768070946,48.5157650377597,38.3,48.3655811462938,50.9,12.50446,1,0,0,0.925034897777896,-1.4,1
"128","Georgia","Representative","6",0,11,0,1,0,0,0,58.4,262.58,1,0,0,-14.7609127650792,67.8794362948579,65.5,37.5852475059821,50.4,11.6706,1,0,0,0.0185045781656474,-9.5,0
"129","Georgia","Representative","7",0,11,0,1,1,0,0,40.2,262.58,1,1,0,25.8119500904381,49.0735623158464,32.4,41.226774873845,51,12.16479,1,0,0,0.867888064175206,-3.7,1
"130","Georgia","Representative","8",0,11,0,1,0,0,0,22,262.58,0,0,1,-27.627747610313,34.2478625121937,58.4,40.5958304233629,50.6,9.29515,1,0,0,0,-9.6,0
"131","Georgia","Representative","9",0,11,0,1,0,0,0,30.7,262.58,1,0,1,-37.8859079401797,46.2405933193518,65.6,36.977736847124,50.9,10.38211,1,0,0,0.0244683261736359,-6.9,0
"132","Georgia","Representative","10",0,11,0,1,1,0,0,30.6,262.58,1,0,0,-23.4209697441313,44.70682045507,64,41.3690235315541,51.2,10.11493,1,0,0,0.00270125686892383,-5.6,0
"133","Georgia","Representative","11",0,11,0,1,0,0,0,44.7,262.58,1,0,1,-15.2902659857765,54.8807014699524,64.1,42.195979080245,51.6,11.4803,1,0,0,0.0579673989277326,-9.9,0
"134","Georgia","Representative","12",0,11,0,1,1,0,0,25,262.58,1,0,1,-10.144791495553,34.9274740556094,52.4,40.826648155204,49.9,9.65989,1,0,0,0.194881235854944,-9,0
"135","Georgia","Representative","13",0,11,0,1,0,0,0,33.2,262.58,1,1,0,60.3535426979298,42.7166820185422,18.2,41.3102555002154,53.7,11.68632,1,0,0,0.971502100442796,3.2,1
"136","Georgia","Representative","14",0,11,0,1,0,1,0,23.2,262.58,1,0,1,-37.4296941438667,42.5274099542654,71.3,39.2463367701838,50.6,10.32933,1,0,0,0.622377255393384,5.6,0
"137","New Mexico","Representative","1",0,13,0,0,0,0,1,39.3,129.38,0,1,0,14.4620585376992,42.3017499296231,53.7,38.9691014874767,50.4,11.43298,0,1,0,0.805610256804938,-2.9,1
"138","New Mexico","Representative","2",0,13,0,0,0,1,0,23.4,129.38,1,0,1,5.88275263296969,33.0843603951042,38.4,41.2307841327362,49.8,9.98027,0,1,0,0.543372013605022,-5.1,1
"139","New Mexico","Representative","3",0,13,0,0,0,0,1,26.6,129.38,0,1,0,10.7356235997013,33.357878689204,43.2,37.645187925367,50.6,9.01836,0,1,0,0.872242563542949,5.6,1
"140","Mississippi","Representative","1",0,12,1,0,1,0,0,24.3,390.42,1,0,1,-31.6893896263446,35.6919167019644,65.1,39.5355762240351,51.6,9.21649,1,0,0,0.0345527505064672,-14.3,0
"141","Mississippi","Representative","2",0,12,1,0,0,0,0,22.2,390.42,1,1,0,26.0817909892503,23.663794982058,30.9,38.349746814789,51.3,8.97501,1,0,0,0.975731279071905,-5.9,1
"142","Mississippi","Representative","3",0,12,1,0,0,0,0,28,390.42,0,0,1,-24.3268235696541,35.1389269703131,59.4,39.927107406911,51.3,9.18269,1,0,0,0.107547907704341,-17.1,0
"143","Mississippi","Representative","4",0,12,1,0,0,0,0,24.6,390.42,0,0,0,-37.9864588546034,35.2845961418531,68.2,38.6910340518588,51.1,9.69525,1,0,0,0.0973729565236203,-10.8,0
"144","Montana","Representative","1",0,9,0,0,1,0,0,39,136.59,0,0,0,-6.87589032182666,41.3769053178951,86.5,39.9137156210678,49.1,8.95109,0,1,0,0.458846637506677,3.8,0
"145","Montana","Representative","2",0,9,0,0,1,0,0,30.5,136.59,1,0,1,-26.8418100550096,41.7086308292718,83.6,36.8917333216539,49.3,8.61416,0,1,0,0.120513652087966,-7.7,0
"146","Iowa","Senator","0",0,16,0,1,0,0,0,30.5410523094746,110.51,0,0,1,-8.19760939776009,43.6456288394861,84.4545343225144,39.1644553736378,49.7893099419087,9.59,0,0,1,0.657014910838846,-4,0
"147","Iowa","Representative","1",0,16,0,1,0,0,1,31.8,110.51,0,0,1,-2.88325413845787,42.8741066860961,85.1,39.1752746042237,49.7,9.65413,0,0,1,0.543630027697556,-4,0
"148","Iowa","Representative","2",0,16,0,1,0,0,1,29.1,110.51,0,0,1,-4.38883019006908,42.7525002663906,87.2,37.8954352541852,50.1,9.73029,0,0,1,0.514367591492236,-3.9,0
"149","Iowa","Representative","3",0,16,0,1,1,0,0,35,110.51,0,1,0,-0.344731800084042,46.8892477925902,81.3,40.6136490316106,50,10.54495,0,0,1,0.672551653845189,-0.2,0
"150","Iowa","Representative","4",0,16,0,1,0,0,0,26.1,110.51,0,0,1,-25.970603764781,42.0109265080078,84.4,38.9466696171719,49.3,9.20412,0,0,1,0.0264377437498295,-10.9,0
"151","New Jersey","Representative","1",0,11,0,0,0,1,0,35.8,51.28,0,1,0,24.4445217581467,52.8608927408581,61.1,39.20350545624,51.5,12.28513,0,0,0,1,2.8,1
"152","New Jersey","Representative","2",0,11,0,0,0,0,0,31.6,51.28,0,0,1,-5.02282659828843,49.4568417568217,65.8,35.0363348767504,50.2,10.52803,0,0,0,0.209956665920697,-13.9,0
"153","New Jersey","Representative","3",0,11,0,0,0,0,0,47.1,51.28,0,1,0,14.1135101144817,64.369286202996,67.1,37.1386908536382,50.7,11.55043,0,0,0,0.78372942585622,-2.2,1
"154","New Jersey","Representative","4",0,11,0,0,0,0,0,38.6,51.28,0,0,1,-22.4750041970565,54.7917430748258,82.8,32.7762073689376,51.5,11.69053,0,0,0,0.0635585563386066,-13.1,0
"155","New Jersey","Representative","5",0,11,0,0,0,0,0,54.1,51.28,0,1,0,12.3985553824029,66.5317030847657,59.9,34.7599941126405,50.7,12.50314,0,0,0,0.881314970012122,-2,1
"156","New Jersey","Representative","6",0,11,0,0,0,1,0,42.5,51.28,0,1,0,19.6881219975756,58.8731513527727,46.1,41.0594763713343,50.6,12.33669,0,0,0,0.820020853130203,-2.9,1
"157","New Jersey","Representative","7",0,11,0,0,0,0,0,54,51.28,0,1,0,3.65911196142426,68.8559010855487,72,34.7008586607364,50.3,11.26173,0,0,0,0.66825034061954,-6.6,0
"158","New Jersey","Representative","8",0,11,0,0,0,0,0,41,51.28,0,0,0,44.7512199190891,48.0138043894263,29.7,46.7451070038256,50.6,13.9866,0,0,0,1,4.8,1
"159","New Jersey","Representative","9",0,11,0,0,0,0,0,34.6,51.28,0,1,0,19.0181244424408,50.7493238078438,41.6,41.065838966778,50.7,13.36543,0,0,0,0.747996924916717,-7.6,1
"160","New Jersey","Representative","10",0,11,0,0,0,0,0,31.4,51.28,0,1,0,62.5163387510693,41.9806179755781,21,41.4441697032795,51.6,13.49694,0,0,0,1,-4.4,1
"161","New Jersey","Representative","11",0,11,0,0,1,0,0,58.5,51.28,0,1,0,16.82204281883,69.3121509108488,64,36.6460821923505,50.4,12.35098,0,0,0,0.911617197472839,1.8,1
"162","New Jersey","Representative","12",0,11,0,0,1,0,0,47.2,51.28,1,1,0,34.342166853714,61.2824477458089,42.5,38.4738688022159,50.4,11.95689,0,0,0,0.683458614805308,-7.4,1
"163","California","Senator","0",0,10,0,0,0,0,0,36.186787085437,89.91,0,1,0,29.1709864400076,55.2871559244305,39.3593979035949,41.6789728159321,49.9999592230316,12.19,0,1,0,0.914064863988582,-7,1
"164","California","Representative","1",0,10,0,0,0,0,0,22.5,89.91,1,0,1,-18.9955636870435,39.6452617151114,65.6,39.4401916183905,49.5,9.84611,0,1,0,0.48385993858968,-5.1,0
"165","California","Representative","2",0,10,0,0,0,0,0,42,89.91,0,1,0,49.4775730592526,56.1604346351552,67.9,35.0676770808397,50.3,10.21213,0,1,0,0.962512137385686,-0.7,1
"166","California","Representative","3",0,10,0,0,0,0,0,42.1,89.91,0,0,0,-1.78393822673104,60.0004021070409,71.9,34.8808397501884,50.1,10.69738,0,1,0,0.532543974183582,-5.4,0
"167","California","Representative","4",0,10,0,0,0,0,0,36.7,89.91,0,1,0,36.564063018775,55.6866891872711,58.2,40.747076071558,50.6,10.88493,0,1,0,0.993147994189499,-1,1
"168","California","Representative","5",0,10,0,0,0,0,0,32.4,89.91,0,0,1,-12.3344193263517,53.1717831527888,64.2,35.9552261578127,50.1,10.6608,0,1,0,0.0317176580066849,-10.3,0
"169","California","Representative","6",0,10,0,0,0,1,0,28.9,89.91,0,1,0,18.4236583272823,49.2036759443552,50.7,41.8766905529884,51.2,12.55663,0,1,0,0.428204030763371,-6.7,1
"170","California","Representative","7",0,10,0,0,1,0,0,34.1,89.91,0,1,0,37.171418975057,54.1790384258962,35.3,42.9186558821595,50.5,12.37742,0,1,0,0.970947969436592,-0.5,1
"171","California","Representative","8",0,10,0,0,0,0,0,31.5,89.91,0,1,0,54.0001680415996,55.4722580141346,27.5,41.1352915951973,51.3,11.90436,0,1,0,0.976861941019742,-2.6,1
"172","California","Representative","9",0,10,0,0,0,0,0,20.5,89.91,0,1,0,12.6099675921871,53.6917808792626,32.2,41.5392103418737,50,11.65593,0,1,0,0.779376311287504,-3,1
"173","California","Representative","11",0,10,0,0,1,0,0,65.4,89.91,1,1,0,74.5543674278022,64.8427379006835,43.4,46.4369040734526,48.7,13.56329,0,1,0,0.991154814114275,-6.6,1
"174","California","Representative","12",0,10,0,0,1,0,0,52.6,89.91,0,1,0,80.7079189086363,57.4182238919363,35.8,45.4885424375751,51.3,12.99689,0,1,0,1,0.3,1
"175","California","Representative","13",0,10,0,0,0,0,0,13.6,89.91,0,0,0,10.8352603909545,38.5470117021669,27,43.3869283348781,48.9,10.56639,0,1,0,0.445289844700114,-11.3,0
"176","California","Representative","14",0,10,0,0,0,1,0,45.3,89.91,1,1,0,45.4590576655125,69.0157290207161,28.3,40.105766086256,49.9,12.35435,0,1,0,1,-6.9,1
"177","California","Representative","17",0,10,0,0,0,0,0,62.4,89.91,0,1,0,47.4187500828067,77.0832296615003,22.8,45.9331546608291,47.7,12.89651,0,1,0,0.972183292945948,-5.6,1
"178","California","Representative","18",0,10,0,0,1,0,0,22.7,89.91,0,1,0,44.0465315709998,59.4594722138327,21.9,43.0457459894104,49.3,11.6734,0,1,0,0.70053186100699,-12.3,1
"179","California","Representative","19",0,10,0,0,0,0,0,47.2,89.91,0,1,0,39.5917288602451,64.7191085419173,52.1,39.2606076558328,49.9,11.39059,0,1,0,0.964333007081582,-2.2,1
"180","California","Representative","20",0,10,0,0,1,0,0,28.8,89.91,1,0,1,-24.8925822343468,51.5954582519193,56.4,41.293209566315,50.6,11.13707,0,1,0,0.0187085198457173,-9.5,0
"181","California","Representative","21",0,10,0,0,0,0,0,16.9,89.91,0,1,0,20.2727601315314,35.1205386796098,26.7,43.6529603021373,49.3,11.73072,0,1,0,0.795074971595607,-11.9,1
"182","California","Representative","22",0,10,0,0,0,0,0,9.7,89.91,0,0,1,12.8927744375279,30.6274273836223,31.7,45.5589821504035,47.4,11.14961,0,1,0,0.617559350346711,-16,0
"183","California","Representative","23",0,10,0,0,0,0,0,21.6,89.91,0,0,1,-9.82664383400971,43.9015146933724,50.6,41.4450022724705,49.4,10.65169,0,1,0,0.547867085555363,-12.2,0
"184","California","Representative","24",0,10,0,0,0,0,0,38.4,89.91,0,1,0,29.0617740357613,55.3528304988766,56.7,42.5684432894714,49.8,10.90673,0,1,0,0.982649281246476,-7.8,1
"185","California","Representative","25",0,10,0,0,0,0,0,15.5,89.91,0,1,0,15.3077650979638,38.4083072988329,30.1,39.3780291843437,48.9,10.85976,0,1,0,0.774338938142472,-0.5,1
"186","California","Representative","26",0,10,0,0,1,0,0,35.8,89.91,0,1,0,19.9763206021333,62.3544096582771,51.3,39.0925639101346,50,11.6762,0,1,0,0.39195211655366,-10.9,1
"187","California","Representative","27",0,10,0,0,1,0,0,29.7,89.91,1,0,1,12.3629375525473,57.6825868878186,38.6,40.541804268599,50.1,11.69082,0,1,0,0.471140417225049,-18.8,0
"188","California","Representative","28",0,10,0,0,1,0,0,47.2,89.91,0,1,0,33.8773106883177,57.5521011925172,31.1,37.1128064126781,51.2,12.95812,0,1,0,0.937840207379985,-1.8,1
"189","California","Representative","31",0,10,0,0,1,0,0,25.1,89.91,0,1,0,31.0342244944479,53.1805967383247,19.2,41.4683434577382,50.1,12.91872,0,1,0,1,-12.1,1
"190","California","Representative","32",0,10,0,0,0,1,0,52.6,89.91,0,1,0,40.7320128556613,59.6081250511052,54.4,39.7287078062318,51.6,12.8771,0,1,0,0.947196078835183,-2.4,1
"191","California","Representative","33",0,10,0,0,0,0,0,20.9,89.91,0,1,0,25.3418747166279,50.4363413158737,22.9,44.6668780348547,50.3,12.51408,0,1,0,0.994458984050205,-9.9,1
"192","California","Representative","35",0,10,0,0,1,0,0,23.2,89.91,1,1,0,27.9628229156391,53.5779990688298,19.4,45.5409938906408,49.4,12.69247,0,1,0,0.840785805200315,-12.8,1
"193","California","Representative","36",0,10,0,0,0,0,0,65,89.91,1,1,0,44.1225622779175,64.0691369182106,55.2,41.3798254677638,50.9,13.0746,0,1,0,0.574110632856324,-4.5,1
"194","California","Representative","38",0,10,0,0,1,0,0,30.3,89.91,1,1,0,30.1946174902072,57.1485945567242,20.1,39.6885208436958,50.5,13.05118,0,1,0,0.6854907519542,-14,1
"195","California","Representative","39",0,10,0,0,0,1,0,18.6,89.91,1,1,0,26.1300806303487,51.3323901058692,21.4,47.5768756406032,50.6,12.26121,0,1,0,0.968269719830269,-10.8,1
"196","California","Representative","40",0,10,0,0,0,1,0,51,89.91,0,0,1,1.86956603649174,68.2678827165147,51.4,36.7950746133959,50.6,12.52466,0,1,0,0.188414684479247,-15.5,0
"197","California","Representative","41",0,10,0,0,0,0,0,29.4,89.91,1,0,1,-1.09314686225861,56.3868306298833,47,36.8486221980262,49.3,11.54949,0,1,0,0.636606195286444,-3.5,0
"198","California","Representative","42",0,10,0,0,0,0,0,26.8,89.91,1,0,0,45.8255311798238,44.6479909610335,26.3,44.3731669333965,50.6,13.38775,0,1,0,0.95061217346822,-9,1
"199","California","Representative","43",0,10,0,0,1,0,0,21.5,89.91,1,1,0,63.7825438103963,45.1819711924759,10.3,42.8950228211258,51.9,13.62739,0,1,0,0.99323152919942,-9.2,1
"200","California","Representative","44",0,10,0,0,1,0,0,22.3,89.91,0,1,0,48.2063959245273,48.7637404797713,23.5,43.0023089787577,50.6,13.30183,0,1,0,1,-3.8,1
"201","California","Representative","45",0,10,0,0,0,1,0,36.8,89.91,0,0,1,6.18405725678188,58.3682516677679,30.8,37.8313075900225,50.8,13.2715,0,1,0,0.563489545875901,-10.9,0
"202","California","Representative","46",0,10,0,0,0,0,0,22.6,89.91,0,1,0,30.4064713584804,51.9265353516759,25.2,46.0097576940487,49.9,13.41158,0,1,0,0.884705014267101,-6.8,1
"203","California","Representative","47",0,10,0,0,1,0,0,58.7,89.91,0,1,0,11.0789357222707,66.0576797598852,52.1,40.3873645865323,50.9,12.75985,0,1,0,0.868986683918694,-7.7,1
"204","California","Representative","48",0,10,0,0,0,0,0,35.2,89.91,1,0,1,-12.3301787645785,60.5796351918525,58.5,38.6327166069778,50.3,11.38078,0,1,0,0.0707836324887041,-8.5,0
"205","California","Representative","49",0,10,0,0,0,0,0,47.6,89.91,0,1,0,11.4093843827174,63.9077740573591,59.3,39.9451347257455,48.8,11.85506,0,1,0,0.438206740174686,-6.2,1
"206","California","Representative","50",0,10,0,0,0,0,0,59.2,89.91,0,1,0,33.0987873792097,61.7203041208243,58.4,45.4128507798374,48.1,12.38566,0,1,0,0.8986396725761,-7.6,1
"207","California","Representative","51",0,10,0,0,1,0,0,45.1,89.91,0,1,0,27.2918893323412,58.266477670269,49.6,45.2890395065451,51.1,12.76409,0,1,0,0.901409467211888,-3.5,1
"208","California","Representative","52",0,10,0,0,0,0,0,23.8,89.91,0,1,0,36.8623335738178,48.6218016092026,22.3,44.45061883649,49.1,12.86991,0,1,0,0.923679791005785,-3.5,1
"209","Virginia","Representative","6",0,10,0,0,1,0,0,28.6,203.38,1,0,1,-22.0985320953737,42.0344551565398,79.8,38.6414463797205,51.3,10.05085,1,0,0,0.236589087287111,-7.4,0
"210","Maine","Representative","1",0,10,0,0,1,0,0,43.3,61.05,0,1,0,22.8053534937894,50.5933483863301,89.1,36.1361279724109,51,9.89315,0,0,0,0.487140480946848,3,1
"211","Maine","Representative","2",0,10,0,0,0,0,0,28.6,61.05,0,1,0,-6.11325214531628,37.1721534814835,91.9,34.829689074809,50.8,8.55475,0,0,0,0.625499766536608,12.3,1
"212","Nevada","Senator","0",0,15,0,0,1,0,0,27.5729127618881,67.6,1,1,0,2.39053463272462,44.2377746814618,49.6187807153392,40.0858971924538,49.5797856927707,11.77,0,1,0,0.746131008707925,-1.5,1
"213","Nevada","Representative","1",0,15,0,0,1,0,0,24,67.6,0,1,0,8.52569518535192,38.4174625786848,45.5,39.9908072575117,49.5,12.57916,0,1,0,0.698112277553115,-2.8,1
"214","Nevada","Representative","2",0,15,0,0,1,0,0,29.4,67.6,0,0,1,-11.0173244173781,49.5120827574653,65.6,38.9624126953416,48.5,10.38652,0,1,0,0.0671938788610163,-10.9,0
"215","Nevada","Representative","3",0,15,0,0,0,0,1,35.3,67.6,1,1,0,6.64086708625414,46.6241653588132,47.2,40.3475774715642,50.7,12.51288,0,1,0,0.696869230232556,-2.7,1
"216","Nevada","Representative","4",0,15,0,0,0,0,0,20.8,67.6,1,1,0,8.26596380872223,41.5865194403482,40.2,41.0215337224914,49.6,12.07472,0,1,0,0.590321746004637,-3.4,1
"217","South Carolina","Senator","0",0,10,0,0,1,0,0,31.5316982723979,290.14,0,0,1,-11.6802058146785,39.0124840729532,63.5955038862736,38.3477388909599,51.4191424864253,10.11,1,0,0,0.00237677854723298,-14.1,0
"218","South Carolina","Representative","1",0,10,0,0,0,0,1,43,290.14,0,0,1,-8.63706620158115,52.5615635999748,70.1,37.3068050285076,51.4,10.65648,1,0,0,0.499602720713227,-5.4,0
"219","South Carolina","Representative","2",0,10,0,0,0,0,0,35.1,290.14,1,0,1,-10.5903668372971,39.7909099501749,61.1,38.6131190712923,51.3,10.65473,1,0,0,0.15458611124417,-9.6,0
"220","South Carolina","Representative","5",0,10,0,0,1,0,0,28.9,290.14,1,0,1,-18.171669357266,39.1360456894954,66.5,37.7141624929308,51.5,10.07118,1,0,0,0,-11.3,0
"221","South Carolina","Representative","6",0,10,0,0,0,0,0,28.4,290.14,0,1,0,32.114444721915,31.084305363154,42.8,43.4881198856354,51.4,10.26945,1,0,0,0.902060817169412,-8,1
"222","South Carolina","Representative","7",0,10,0,0,0,0,0,22.8,290.14,1,0,0,-18.6578788713721,32.6635856012144,65.1,33.7494169557315,52,9.82861,1,0,0,0,-11.1,0
"223","North Dakota","Senator","0",0,11,0,1,1,0,0,31.7415868918714,107.6,0,0,1,-33.3428170508033,44.5091795318609,83.1365459359854,41.8464206630638,48.4424761403346,9.05,0,0,1,0.071748479056746,1.9,0
"224","North Dakota","Representative","0",0,11,0,1,0,0,0,31.7,107.6,0,0,1,-33.3428170508033,44.5091795318609,83.1,41.8464206630638,48.4,9.26211,0,0,1,0.00433967137044705,9,0
"225","Virginia","Representative","1",0,10,0,0,0,0,0,47.4,203.38,0,0,1,-6.66169336563087,59.8239586400969,71.3,36.0605462126943,51,10.69374,1,0,0,0.24026988161327,-7,0
"226","Virginia","Representative","2",0,10,0,0,0,0,1,39.4,203.38,0,1,0,2.04705783377583,54.7268511903989,60.1,40.1925053494962,50.8,11.28275,1,0,0,0.7570624354102,-5.3,0
"227","Virginia","Representative","3",0,10,0,0,0,0,0,30.3,203.38,0,1,0,38.06124648921,38.910050262123,41.1,46.0201968554263,50.3,12.041,1,0,0,0.585245990659957,-3.7,1
"228","Virginia","Representative","4",0,10,0,0,0,0,0,31.8,203.38,1,1,0,35.7154629242257,40.1128531010868,43.3,42.7634465746444,51.9,11.34923,1,0,0,0.580012231353519,-5.7,1
"229","Virginia","Representative","5",0,10,0,0,0,0,0,32.6,203.38,1,0,1,-8.24054782311066,41.0912248758724,69.9,38.1214868494464,50.8,9.33159,1,0,0,0.618507388568987,-7.2,0
"230","Virginia","Representative","7",0,10,0,0,0,0,1,38,203.38,0,1,0,6.72956264757251,63.9375146610368,53.6,40.7983272190016,49.7,10.87841,1,0,0,0.685611828736372,-2.2,1
"231","Virginia","Representative","8",0,10,0,0,0,1,0,65.5,203.38,0,1,0,55.6157672786041,68.0455881937624,52,43.7621045417019,50.7,13.06868,1,0,0,0.77467362924282,-7.4,1
"232","Virginia","Representative","10",0,10,0,0,1,0,0,55.5,203.38,0,1,0,17.9974808032362,76.5616087527419,56.3,40.0772236871531,49.8,11.35405,1,0,0,0.366680675690551,-11.7,1
"233","Virginia","Representative","11",0,10,0,0,0,0,0,68.2,203.38,0,1,0,40.9981840986952,77.3036300701163,52.3,40.6268003523847,49.8,12.42183,1,0,0,0.615670656961706,-7.6,1
"234","Colorado","Senator","0",0,10,0,0,0,0,0,44.4154095933368,117.42,0,1,0,13.5016180633593,54.1686661980198,70.5666605128053,43.0329027408312,49.3633506415702,11.15,0,1,0,0.689997001105045,1.1,1
"235","Colorado","Representative","1",0,10,0,0,0,0,1,55,117.42,1,1,0,61.2940409585004,53.3049344349276,59.1,51.2145816766417,49.6,12.90034,0,1,0,1,1.5,1
"236","Colorado","Representative","2",0,10,0,0,0,0,0,57.3,117.42,0,1,0,39.8927597113658,56.616889539958,78.2,45.2239823641862,48.5,10.84144,0,1,0,0.967670128674794,2.1,1
"237","Colorado","Representative","3",0,10,0,0,0,1,0,33,117.42,1,0,1,-8.25348373931463,40.5750990115486,75.7,36.9881483862357,49.7,9.12253,0,1,0,0.564050471164671,8,0
"238","Colorado","Representative","4",0,10,0,0,0,0,0,46.1,117.42,0,0,1,-18.550336602497,63.4822142108722,78.8,38.8751530217271,49.5,10.18295,0,1,0,0.159568040522711,-5.8,0
"239","Colorado","Representative","5",0,10,0,0,0,0,0,41.7,117.42,1,0,1,-10.1070581241532,52.5065303074158,70.9,44.533906938646,49.2,11.6376,0,1,0,0.0825767157830287,-5.6,0
"240","Colorado","Representative","6",0,10,0,0,0,0,0,44.9,117.42,0,1,0,23.7896722520264,55.3835102562056,60.1,42.5319364333259,50,12.55418,0,1,0,0.816264758307687,-0.6,1
"241","Colorado","Representative","7",0,10,0,0,1,0,0,47.3,117.42,0,0,0,14.1729526857918,57.2487020599565,79.5,40.6112635542232,49.3,11.49257,0,1,0,0.599219131828756,0.8,1
"242","Colorado","Representative","8",0,10,0,0,0,0,1,29.1,117.42,0,0,0,4.54598605012833,55.1200803149853,62.1,44.5633859616171,49.1,11.73294,0,1,0,0.74461464531707,-3.8,1
"243","Illinois","Senator","0",0,10,0,0,0,0,1,37.1399786294267,117.63,0,1,0,16.9890533390747,48.2673533613495,61.3264492064811,39.7419746676569,50.5632377745627,11.62,0,0,1,0.878899141765169,-2.5,1
"244","Illinois","Representative","1",0,10,0,0,0,0,0,32.2,117.63,0,0,0,42.3704240666908,42.0539643062123,38.1,38.322846856448,52.7,12.39519,0,0,1,0.977790008741542,-8.3,1
"245","Illinois","Representative","2",0,10,0,0,1,0,0,24.6,117.63,0,1,0,40.0008367375602,36.4350325586464,35.9,38.5104552228677,52,11.29298,0,0,1,1,-5.8,1
"246","Illinois","Representative","3",0,10,0,0,1,0,0,35.3,117.63,0,0,0,41.4333356842752,50.989589856277,44,44.2975316342775,50.7,13.31683,0,0,1,0.896150005547542,-4.4,1
"247","Illinois","Representative","4",0,10,0,0,0,0,0,24,117.63,0,1,0,46.3939533810293,44.5445029657567,30.7,42.8596755361216,49.1,13.3979,0,0,1,1,-6.1,1
"248","Illinois","Representative","5",0,10,0,0,0,0,0,65.7,117.63,0,1,0,39.7622215865988,61.8401674060038,71.5,44.2092766569126,50.8,13.26219,0,0,1,1,1.2,1
"249","Illinois","Representative","6",0,10,0,0,0,0,0,43.3,117.63,0,1,0,10.8765288660495,58.1919916069243,72.4,35.6573470223478,50.6,12.51739,0,0,1,0.758461505526965,-2.1,1
"250","Illinois","Representative","8",0,10,0,0,0,0,0,38.9,117.63,0,1,0,15.4107854216062,55.9777881608741,55.4,38.4430259708177,50.1,12.2366,0,0,1,0.963105393769678,-1.6,1
"251","Illinois","Representative","9",0,10,0,0,1,0,0,55.8,117.63,0,1,0,41.3572602379544,53.0209621769416,62.3,38.688683059802,50.2,12.90872,0,0,1,0.972558419266615,1.9,1
"252","Illinois","Representative","10",0,10,0,0,0,0,0,46.1,117.63,0,1,0,25.8639694510525,59.5520213714575,61.7,37.9703222061576,50.1,11.70691,0,0,1,0.978983305859187,0.1,1
"253","Illinois","Representative","11",0,10,0,0,0,1,0,45.6,117.63,0,1,0,15.300068086762,60.2880539984313,66.3,38.7249369318167,50.8,11.60326,0,0,1,0.56309962227122,-2.4,1
"254","Illinois","Representative","12",0,10,0,0,0,0,0,24.2,117.63,1,0,1,-42.7773560492822,39.4275794330615,88,36.5372900818332,49.1,8.90855,0,0,1,0.0571179467225813,-7.2,0
"255","Illinois","Representative","13",0,10,0,0,0,0,1,32,117.63,0,0,0,11.2151720256025,36.4972124797152,68.4,41.7394568924294,51.4,10.9285,0,0,1,0.790594158240535,2,1
"256","Illinois","Representative","14",0,10,0,0,1,0,0,32.1,117.63,0,1,0,11.4611267734764,54.1298245878077,62.1,41.1118162136346,49.4,11.21229,0,0,1,0.883089139097532,-3.1,1
"257","Illinois","Representative","15",0,10,0,0,0,1,0,24.9,117.63,1,0,1,-38.7448022581722,43.0190589945991,91.2,35.5019127114093,50.1,8.88089,0,0,1,0.0403470142680993,-3.5,0
"258","Illinois","Representative","17",0,10,0,0,0,1,0,24.2,117.63,0,0,0,7.78732513265799,32.2655106228913,71.4,39.6621837976305,50.9,10.68504,0,0,1,0.456307496421805,-3.9,1
"259","New York","Senator","0",0,14,0,0,0,0,0,39.9202793661071,51.5,0,1,0,23.0865453086234,49.6516508103189,55.5700965213953,39.3577396714737,51.1160741630597,12.56,0,0,0,0.987496392435343,-9.9,1
"260","Oklahoma","Senator","0",0,12,1,0,1,0,0,27.9247725946053,418.64,0,0,1,-33.0870975120763,36.5181557487983,65.6457231266739,40.472864485598,50.216034107929,9.94,1,0,0,0.102311994936123,0.9,0
"261","Oklahoma","Senator","0",1,12,1,0,1,0,0,27.9247725946053,418.64,1,0,0,-33.0870975120763,36.5181557487983,65.6457231266739,40.472864485598,50.216034107929,9.94,1,0,0,0.387054640876963,6.5,0
"262","Oklahoma","Representative","1",0,12,1,0,0,0,0,33.6,418.64,1,0,1,-21.3537017036764,40.2990729748162,62.4,40.4214655295416,50.8,11.53769,1,0,0,0.0501863271372166,-5,0
"263","Oklahoma","Representative","2",0,12,1,0,1,0,0,19.1,418.64,0,0,0,-53.3766488241679,28.908495857629,63.3,37.3986499653628,49.8,8.6155,1,0,0,0.000221652165689427,4.4,0
"264","Oklahoma","Representative","3",0,12,1,0,0,0,0,21.5,418.64,1,0,1,-42.7999096965158,31.9585283963023,67.5,41.3555454943177,49.3,9.51656,1,0,0,0,-4.3,0
"265","Oklahoma","Representative","4",0,12,1,0,1,0,0,27.7,418.64,1,0,1,-30.9080596421853,37.8748931662123,67.9,42.0780490862928,50.1,10.17789,1,0,0,0,-1.8,0
"266","Oklahoma","Representative","5",0,12,1,0,0,1,0,37.3,418.64,1,0,1,-18.4549094282506,42.9064445712301,67.1,41.1061507384276,51,11.04301,1,0,0,0.0607660834097962,-4.8,0
"267","Utah","Representative","1",0,7,0,1,0,0,0,37.2,20.34,0,0,1,-19.3435596067466,51.718311858872,82.8,45.9566063159606,49.2,11.14186,0,1,0,0,-14.1,0
"268","Utah","Representative","2",0,7,0,1,0,0,0,32.3,20.34,1,0,1,-16.919243606433,48.335771950109,75.1,43.791167085757,48.8,10.68866,0,1,0,0.058182184313105,-8.5,0
"269","Utah","Representative","3",0,7,0,1,0,0,0,43.7,20.34,0,0,1,-19.2173107925031,53.7280918902862,81.5,46.124058646433,49.6,11.24393,0,1,0,0.00614502253174928,-15.7,0
"270","Utah","Representative","4",0,7,0,1,1,0,0,34.4,20.34,1,0,1,-25.6020355451018,58.3539781880054,77.9,44.3406511012356,49.2,11.70206,0,1,0,0.0206606779766951,-3,0
"271","Maryland","Senator","0",0,11,0,0,0,0,0,42.5483588641927,113.95,1,1,0,33.210493943421,57.8399950417124,48.9664368742325,39.1695453574451,51.2890808935223,11.71,1,0,0,1,-1.4,1
"272","Maryland","Representative","1",0,11,0,0,1,0,0,33.7,113.95,1,0,1,-14.4500284582874,53.6962517668743,73.8,36.4999025920761,50.7,10.11806,1,0,0,0.74525384280203,3.3,0
"273","Maryland","Representative","2",0,11,0,0,0,1,0,44.9,113.95,0,1,0,20.6614274697621,56.9697369941719,61.3,38.062575831892,52.1,11.81179,1,0,0,0.374035319801821,-2.2,1
"274","Maryland","Representative","3",0,11,0,0,0,1,0,51.1,113.95,0,1,0,25.2946900661045,69.647440554022,58.9,38.8410341804525,50.9,11.8092,1,0,0,0.0906060723966642,-5,1
"275","Maryland","Representative","4",0,11,0,0,0,0,0,32.2,113.95,0,0,0,80.6024274475668,53.1598103010919,12.1,41.837430002316,51.7,12.67143,1,0,0,0.965005491783861,-0.5,1
"276","Maryland","Representative","5",0,11,0,0,0,0,0,40.5,113.95,0,1,0,36.2622971154855,70.9987173466598,45.1,38.4999924027168,50.4,10.89787,1,0,0,0.977390653837065,-4.5,1
"277","Maryland","Representative","6",0,11,0,0,0,0,0,39.9,113.95,0,1,0,9.77049916832022,56.0266408413613,61.6,39.5094459173295,50.4,11.05104,1,0,0,0.397653653098236,-0.3,1
"278","Maryland","Representative","7",0,11,0,0,0,0,0,33.3,113.95,1,1,0,63.1617842301085,36.6019259731414,30.8,43.6977437218736,52.9,12.91544,1,0,0,1,0.9,1
"279","Maryland","Representative","8",0,11,0,0,0,0,0,63.9,113.95,0,1,0,62.0854893641334,68.158973519506,46.1,36.7064748868324,51.3,12.69373,1,0,0,0.98867876375938,-0.5,1
"280","Arizona","Senator","0",0,11,0,1,0,0,0,32.4294113383198,106.16,1,1,0,0.308894884757421,46.0501262899157,58.2941834851592,39.6790078935549,50.117339598775,11.3,0,1,0,0.823661974575304,4.6,1
"281","Arizona","Representative","1",0,11,0,1,0,0,0,51.4,106.16,1,0,1,1.47564154099508,56.2462389337185,71.5,36.8306137097139,50.7,12.05529,0,1,0,0.682455954638615,-2.3,0
"282","Arizona","Representative","2",0,11,0,1,0,0,0,24.8,106.16,1,1,0,-7.88010117295547,38.3048513937487,57.6,35.8765609960721,50,8.78438,0,1,0,0.501948802111904,-0.1,0
"283","Arizona","Representative","3",0,11,0,1,0,0,0,19.7,106.16,1,1,0,50.6243247011258,35.8053955998308,28.1,48.7078054454269,49.4,12.67575,0,1,0,0.953261641657842,3.4,1
"284","Arizona","Representative","4",0,11,0,1,0,0,0,38,106.16,0,1,0,10.285746597806,46.624189000101,61,46.3288987628182,49.9,12.56294,0,1,0,0.71173574264361,1.9,1
"285","Arizona","Representative","5",0,11,0,1,0,0,0,40.9,106.16,1,0,1,-16.3658707192273,62.5987006496752,70.8,38.8314144211049,49.5,12.09759,0,1,0,0.0131238021249077,-2.9,0
"286","Arizona","Representative","6",0,11,0,1,1,0,0,38,106.16,0,0,0,0.0701701281636713,45.5279953326379,69.3,35.9465923967962,50,10.67026,0,1,0,0.416737004753685,-1.6,0
"287","Arizona","Representative","7",0,11,0,1,0,0,0,20.9,106.16,0,1,0,32.764905235782,32.6839036042999,37.1,43.4773182752058,50.2,11.1681,0,1,0,0.835009541492599,-3.7,1
"288","Kansas","Senator","0",0,8,0,0,0,0,0,35.3967519217273,173.49,0,0,1,-14.6528989758033,42.7154352016262,76.0185266589927,39.8121776798195,49.7505948036211,10.12,0,0,1,0.333763091267506,-8.5,0
"289","Kansas","Representative","1",0,8,0,0,0,0,0,30.3,173.49,1,0,1,-29.5906685387191,36.9636479112744,78.8,41.6103940041308,48.9,8.97284,0,0,1,0.0428812605514913,-5.8,0
"290","Kansas","Representative","2",0,8,0,0,0,0,0,27.8,173.49,1,0,1,-16.31130229766,37.0780475452089,74,38.7303892608639,49.4,9.77136,0,0,1,0.581020983140425,1,0
"291","Kansas","Representative","3",0,8,0,0,0,0,1,52.4,173.49,0,1,0,4.45013933121019,58.2644304843663,77.7,39.7529645340826,50.5,11.52846,0,0,1,0.69945543890839,7.7,1
"292","Kansas","Representative","4",0,8,0,0,0,0,0,30.2,173.49,1,0,1,-21.7460107324612,38.2697740610535,73.6,39.1525497729654,50.2,10.60621,0,0,1,0.0566949232992402,-4.9,0
"293","Michigan","Representative","1",0,17,0,1,0,0,0,26.8,121.04,1,0,1,-19.7794070219948,35.6354020843055,89.8,33.0632467395742,49,8.3504,0,0,1,0.434144763920739,-2.8,0
"294","Michigan","Representative","2",0,17,0,1,0,0,0,21.6,121.04,0,0,1,-28.2040644033046,37.834302618075,89.6,36.6842503633004,49.2,8.82769,0,0,1,0.0107302537911457,-1.2,0
"295","Michigan","Representative","3",0,17,0,1,1,0,0,37.2,121.04,0,0,0,8.49335639424564,44.7574017936297,72.4,42.9278705465856,50.6,11.59025,0,0,1,0.789278175531454,4.5,1
"296","Michigan","Representative","5",0,17,0,1,0,0,0,23.3,121.04,1,0,1,-24.1636237304673,40.3283191628515,86.7,35.5324343699684,49.8,9.67438,0,0,1,0.261515937636452,-3.3,0
"297","Michigan","Representative","6",0,17,0,1,0,0,1,51.9,121.04,0,1,0,26.6732533583365,55.3806391734637,70.9,40.9936253129274,50.9,11.5115,0,0,1,0.99842141266027,5.1,1
"298","Michigan","Representative","7",0,17,0,1,1,0,0,37.6,121.04,0,1,0,0.947125881924377,46.9625477313928,82.2,40.5121326385209,50.2,10.5525,0,0,1,0.875016037593161,4.9,1
"299","Michigan","Representative","8",0,17,0,1,0,0,0,24.6,121.04,0,1,0,2.02930966193704,34.3758160396922,75.7,36.8486619342193,51.1,10.69794,0,0,1,0.773310151110438,8.2,1
"300","Michigan","Representative","9",0,17,0,1,0,1,0,28,121.04,1,0,1,-29.449769258076,48.7569534154122,88.7,34.6729595543871,49.7,10.04531,0,0,1,0.0641815636658339,-1.3,0
"301","Michigan","Representative","10",0,17,0,1,0,0,0,29.5,121.04,0,0,0,-0.97899397202143,44.928317410753,73.3,38.1679704165426,50.9,12.41793,0,0,1,0.346708013920421,0.5,0
"302","Michigan","Representative","11",0,17,0,1,1,0,0,50.6,121.04,0,1,0,19.8365003547756,54.7976495349559,68.2,39.2667145186237,50.8,12.18432,0,0,1,0.857858461529719,2.7,1
"303","Michigan","Representative","12",0,17,0,1,1,0,0,26.8,121.04,0,1,0,48.5087302652638,34.6837517053657,47.2,38.3045625154026,52.3,12.66166,0,0,1,0.940612088184592,-4,1
"304","Michigan","Representative","13",0,17,0,1,0,0,0,21.9,121.04,0,0,0,49.5868932494601,27.5594579600081,39,40.2025092439185,51.1,12.4986,0,0,1,0.370102471368294,-2.4,1
"305","Missouri","Senator","0",0,9,1,0,1,0,0,31.7189281115895,240.84,1,0,0,-15.3949695833968,40.9892794907171,77.4289106345187,38.8608030204013,50.6308579814458,10.2,0,0,1,0.654873640818696,2,0
"306","Missouri","Representative","1",0,9,1,0,1,0,0,36,240.84,0,1,0,58.3752556179617,33.8490200462031,41.9,41.7109365257513,52.9,12.366,0,0,1,0.959413528050244,-9.8,1
"307","Missouri","Representative","2",0,9,1,0,0,0,1,50,240.84,0,0,1,-7.75940247086863,58.5385392586101,83.1,36.1344494104704,50.5,11.42386,0,0,1,0.351132120002879,-4.2,0
"308","Missouri","Representative","3",0,9,1,0,1,0,0,34.9,240.84,1,0,1,-26.1266078260084,47.5317025225877,85.4,39.6285329049656,50.1,10.14706,0,0,1,0.00982357860374203,-3.9,0
"309","Missouri","Representative","4",0,9,1,0,0,0,0,23.7,240.84,0,0,0,-39.6131527010489,38.286190249541,85.7,37.8629798444913,49.7,9.13833,0,0,1,0,-5.6,0
"310","Missouri","Representative","5",0,9,1,0,0,0,0,33.8,240.84,0,1,0,26.3095883376601,40.3091597375907,62,41.9702984931425,51.5,11.89316,0,0,1,0.844127536623693,-1.7,1
"311","Missouri","Representative","6",0,9,1,0,0,0,0,27.1,240.84,1,0,1,-37.102118155162,42.6436396460468,88,37.454533207598,49.7,9.23278,0,0,1,0.0899247317832921,-5.7,0
"312","Missouri","Representative","7",0,9,1,0,1,0,0,27.8,240.84,0,0,0,-41.3914900156982,34.6401782470445,85.8,39.0035117958669,50.8,10.0606,0,0,1,0.00623156672684824,-2.7,0
"313","Missouri","Representative","8",0,9,1,0,1,0,0,19.8,240.84,1,0,1,-51.2997354713791,32.8613204551911,86.9,37.1474578620573,49.8,8.99901,0,0,1,0.014730825379244,-2.7,0
"314","Washington","Senator","0",0,11,0,0,0,0,1,38.9669309252531,204.76,0,1,0,19.2028525470481,55.437248015141,66.412360124941,41.4874891002252,49.638517723667,11.12,0,1,0,0.313996326756687,-4.6,1
"315","Washington","Representative","1",0,11,0,0,1,0,0,51.8,204.76,0,1,0,30.3978767761001,70.9227380823695,61.3,43.5950362260986,48.6,12.20153,0,1,0,0.846894408794542,-3.6,1
"316","Washington","Representative","2",0,11,0,0,0,0,0,36.7,204.76,0,1,0,22.7638308449806,51.3783225847749,72.2,39.8951285172044,50.5,10.88959,0,1,0,0.930247768792087,-2.5,1
"317","Washington","Representative","3",0,11,0,0,1,0,0,27.4,204.76,1,0,0,-4.17350444504788,52.6442138674327,78.1,37.7132497518235,49.9,10.83859,0,1,0,0.673557180802432,5,1
"318","Washington","Representative","4",0,11,0,0,0,0,0,23.3,204.76,0,0,1,-16.8507275765194,43.2580016903686,55.2,40.0681528122665,49.3,10.07076,0,1,0,0.532722193554234,-18.4,0
"319","Washington","Representative","5",0,11,0,0,0,0,1,30.3,204.76,0,0,1,-9.89706402885269,41.8649888565955,81.2,41.1395693470076,49.7,10.43452,0,1,0,0.141948159422219,-9.3,0
"320","Washington","Representative","6",0,11,0,0,0,1,0,34.7,204.76,0,1,0,17.1020022903768,51.6509643024478,74.5,37.4958615616695,49.9,10.57689,0,1,0,0.765051674895924,2.9,1
"321","Washington","Representative","7",0,11,0,0,1,0,0,66,204.76,0,1,0,75.1225175786091,63.7876748114013,64.8,51.6211347164247,49.5,12.81346,0,1,0,0.996403695544638,-4.3,1
"322","Washington","Representative","8",0,11,0,0,1,0,0,42.8,204.76,0,1,0,6.67304537998906,67.1629201486269,72,38.4935165117262,49.3,10.57876,0,1,0,0.818733612064786,0.2,1
"323","Washington","Representative","9",0,11,0,0,0,0,0,41.7,204.76,1,1,0,44.7142593761697,57.3162024613025,40.7,42.4544452897156,49.6,12.43778,0,1,0,0.752955446941416,-1.8,1
"324","Washington","Representative","10",0,11,0,0,1,0,0,31.3,204.76,1,1,0,17.5714525538255,53.200888273359,63.1,42.5954442499542,50.1,11.72351,0,1,0,0.869750711987277,-3.6,1
"325","Tennessee","Representative","1",0,11,1,0,0,1,0,22.5,364.05,1,0,1,-54.2374645081687,31.6183039300749,89.8,35.0498442125547,50.7,9.8716,1,0,0,0,-4.3,0
"326","Tennessee","Representative","2",0,11,1,0,0,0,0,33.5,364.05,1,0,1,-29.2178008825214,40.1399142765431,84.9,39.3081395719911,51.3,10.81321,1,0,0,0.0827495153419346,-6.5,0
"327","Tennessee","Representative","3",0,11,1,0,1,0,0,27.4,364.05,1,0,1,-31.9104996337838,40.0036400326964,79.7,36.9928659071216,50.7,10.26313,1,0,0,0.150953298899794,-6.3,0
"328","Tennessee","Representative","4",0,11,1,0,0,0,0,27.2,364.05,1,0,1,-37.7366513829315,40.1028233135419,78.4,40.3395729109357,50.5,9.67047,1,0,0,0.0890321981998701,-7.2,0
"329","Tennessee","Representative","5",0,11,1,0,1,0,0,45.3,364.05,1,0,0,-11.2992274922831,52.167745713635,72.1,39.4295682759403,50.9,10.9531,1,0,0,0.51708007424274,-2.2,0
"330","Tennessee","Representative","6",0,11,1,0,0,0,0,27.9,364.05,1,0,1,-29.1427061371509,38.4851789120413,82,38.9483751341856,50.7,10.09657,1,0,0,0,-3.5,0
"331","Tennessee","Representative","7",0,11,1,0,1,0,0,33,364.05,0,0,1,-15.1245800671892,42.8051143470005,70.6,44.0584482613605,50.6,10.24005,1,0,0,0.388442792131898,-6.8,0
"332","Tennessee","Representative","8",0,11,1,0,1,0,0,30.6,364.05,1,0,1,-37.2699403538781,40.6316116253252,74.3,36.3371313891994,51.4,9.55329,1,0,0,0.000979424255245796,-12.4,0
"333","Tennessee","Representative","9",0,11,1,0,0,1,0,27.3,364.05,1,1,0,48.2150660937724,29.7734072452693,25.4,42.1647244562202,52.6,11.79929,1,0,0,0.669492604653701,-4.4,1
"334","Connecticut","Senator","0",0,11,0,0,0,1,0,42.1275690742021,68.93,0,1,0,20.0754869279738,54.3477515082478,65.3034712420717,38.4443408400883,50.9638764398794,11.41,0,0,0,0.612098489709362,-5.1,1
"335","Connecticut","Representative","1",0,11,0,0,0,0,0,37.9,68.93,0,1,0,28.0799959996444,51.362258289869,60.2,39.3156950960053,50.6,11.72734,0,0,0,0.855420262442369,-4.3,1
"336","Connecticut","Representative","2",0,11,0,0,0,0,0,39.2,68.93,0,1,0,11.4723627199914,54.8520661383641,78.9,38.2905094291228,50.3,10.38751,0,0,0,0.597571712953897,6.6,1
"337","Connecticut","Representative","3",0,11,0,0,0,0,1,40.9,68.93,0,1,0,19.7238126753631,52.0325259040692,61.9,40.1709247255627,52.1,11.80288,0,0,0,0.983653261750405,-3.6,1
"338","Connecticut","Representative","4",0,11,0,0,0,1,0,53.3,68.93,0,1,0,31.2008314813719,61.3755520060133,58.1,37.8232494712234,50.6,11.88718,0,0,0,0.622331837784441,-12.2,1
"339","Connecticut","Representative","5",0,11,0,0,1,0,0,39.7,68.93,0,1,0,10.742508870706,52.7221729521235,67.2,36.628310284357,51.3,11.2163,0,0,0,0.548397977102214,-9.9,1
"340","Minnesota","Representative","1",0,11,0,0,0,0,0,31.7,118.43,0,0,0,-9.17924598501002,46.1004946121364,84,38.9231581054279,49.6,9.4322,0,0,1,0.494361087244745,-2.3,0
"341","Minnesota","Representative","2",0,11,0,0,1,0,0,42.8,118.43,0,1,0,7.15295789660686,62.0083472207884,76.8,39.6059553995909,50,11.22782,0,0,1,0.659463571705529,-1.8,1
"342","Minnesota","Representative","3",0,11,0,0,0,0,0,50.5,118.43,0,1,0,20.9026226334598,60.8685234256075,71.6,36.2810035517567,50.9,11.89663,0,0,1,0.808299278957711,-1.9,1
"343","Minnesota","Representative","4",0,11,0,0,0,0,1,46.6,118.43,0,1,0,37.5110597225015,51.6929483362865,64.3,41.4240184502002,50.8,12.31958,0,0,1,0.880229158487396,-2.3,1
"344","Minnesota","Representative","5",0,11,0,0,0,0,1,50.4,118.43,0,1,0,62.8846086200572,47.7773530785792,62.9,48.455675892499,49.6,12.88577,0,0,1,0.604472436119292,-13.4,1
"345","Minnesota","Representative","6",0,11,0,0,1,0,0,35.7,118.43,0,0,1,-17.5948930878841,59.6181857976287,84.9,39.6741668537925,49.4,10.45171,0,0,1,0.0420801936516613,-6.6,0
"346","Minnesota","Representative","7",0,11,0,0,0,0,1,25.3,118.43,1,0,1,-33.1434824154684,43.1931200306019,89,34.7579535799062,49.4,8.14396,0,0,1,0.0386063408190225,-6.1,0
"347","Minnesota","Representative","8",0,11,0,0,1,0,0,28.2,118.43,0,0,1,-11.2804697370885,44.4660517646419,88,35.366121953393,49.3,8.7145,0,0,1,0.354534723969117,-3.2,0
"348","Vermont","Senator","0",0,5,0,0,0,0,0,44.4388973536054,72.53,0,0,0,35.4126522747314,48.4237293781902,91.1042954288458,37.5344269405332,50.3860154592066,8.84,0,0,0,0.676099614646816,5,1
"349","Vermont","Representative","0",0,5,0,0,1,0,0,44.4,72.53,0,0,0,35.4126522747314,48.4237293781902,91.1,37.5344269405332,50.4,9.05338,0,0,0,0.989248957605591,-0.8,1
"350","Wisconsin","Senator","0",0,10,0,1,0,0,0,32.5409147767151,145.38,1,0,1,0.629952491259839,44.6742205006592,80.2590881675901,38.3635395939014,49.8762701181904,10.19,0,0,1,0.629450084078223,-1.6,0
"351","Wisconsin","Representative","1",0,10,0,1,1,0,0,29.3,145.38,0,0,1,-2.00230977297364,45.5493178297156,77,38.0433743756946,50.1,10.97015,0,0,1,0.297828207861493,-6.9,0
"352","Wisconsin","Representative","2",0,10,0,1,0,0,0,47.8,145.38,0,1,0,41.6337437165002,50.621182676291,81.1,43.5662438198708,50,10.60495,0,0,1,0.755145468842147,2.3,1
"353","Wisconsin","Representative","3",0,10,0,1,0,0,0,26.6,145.38,1,0,0,-4.66591155050239,40.402611680163,90,39.3128243929922,49.2,9.00014,0,0,1,0.308827095528438,1,0
"354","Wisconsin","Representative","4",0,10,0,1,1,0,0,34.2,145.38,0,1,0,52.8217268172246,34.7095887500498,43.3,44.5179170980776,51.5,12.77521,0,0,1,1,-0.4,1
"355","Wisconsin","Representative","5",0,10,0,1,0,0,0,40.2,145.38,1,0,1,-22.8401170341335,55.2385118350052,87.3,35.4243402316309,50.4,10.76168,0,0,1,0.136912007925247,-5.9,0
"356","Wisconsin","Representative","7",0,10,0,1,0,0,0,25.3,145.38,1,0,1,-19.9298112940009,42.8017047006294,90.3,33.0265644073737,49.1,8.42007,0,0,1,0.0734542820548491,-3.9,0
"357","Hawaii","Senator","0",0,12,0,0,0,0,0,35.3024947953728,92.93,0,1,0,29.4647752968393,55.5719474371531,22.1758756008277,38.2763588990485,49.6651181052656,11.09,0,1,0,1,15.7,1
"358","Hawaii","Representative","1",0,12,0,0,0,0,0,38.7,92.93,0,1,0,29.4313675711819,57.9312799019414,16.5,38.6435457334136,49.4,12.29852,0,1,0,0.928829362512455,18,1
"359","Hawaii","Representative","2",0,12,0,0,1,0,0,31.8,92.93,0,0,0,29.4964687684448,53.0560357549437,27.7,37.9170635432593,49.9,10.08184,0,1,0,0.985916257226859,-2.6,1
"360","Alaska","Representative","0",0,14,0,0,0,0,1,32.8,179.12,1,0,0,-10.1163691483322,52.0992514125856,59.4,42.5038182108526,47.7,NA,0,1,0,0.871461019203992,20.1,1
"361","Wyoming","Representative","0",0,11,0,1,0,0,1,29.2,111.95,1,0,0,-43.3826531533973,43.6841693338771,84.6,39.1343859655185,48.9,8.52656,0,1,0,0.0178617155466475,-0.1,0
"362","Florida","Senator","0",0,12,0,0,1,0,0,33.1608015722756,184.34,0,0,1,-3.35176495240527,42.0407669104129,56.0610956420623,36.5309455047507,50.8082409689709,11.46,1,0,0,0.614666239275011,-13,0
"363","Florida","Representative","1",0,12,0,0,1,0,0,32.4,184.34,1,0,1,-32.2165362516066,43.2204673586596,71.9,39.3890370347435,49.5,10.48931,1,0,0,0.222225072179624,-3.5,0
"364","Florida","Representative","2",0,12,0,0,0,0,0,31.5,184.34,1,1,1,-10.9623719655595,36.4847835172583,64.9,41.5459195562568,49.7,9.76267,1,0,0,0.256357978656603,-8.6,0
"365","Florida","Representative","3",0,12,0,0,0,0,1,28.5,184.34,1,0,1,-14.0660893252831,35.4970960027332,67.5,39.8008099948959,50,9.85896,1,0,0,0.0653604688655805,-12.1,0
"366","Florida","Representative","4",0,12,0,0,1,0,0,26.4,184.34,0,0,0,-6.68413108291855,40.2003606359588,53.8,38.3301251509203,51.4,11.16743,1,0,0,0.00261964207628801,-14.3,0
"367","Florida","Representative","7",0,12,0,0,1,0,0,36.4,184.34,1,0,0,-5.53076437261148,43.7113038439494,65.5,37.3921233455878,51.2,11.56998,1,0,0,0.145483291271003,-11.5,0
"368","Florida","Representative","8",0,12,0,0,1,0,0,33.2,184.34,1,0,1,-17.5955700789383,42.6206348913224,73.2,31.5224633390582,51,11.05486,1,0,0,0.140358846241199,-12.1,0
"369","Florida","Representative","9",0,12,0,0,0,0,0,31.2,184.34,1,1,0,17.3916226870428,40.958572667275,36.4,43.9564459724719,49.9,11.49649,1,0,0,0.409487503935413,-10.2,1
"370","Florida","Representative","10",0,12,0,0,0,0,0,34.6,184.34,1,0,0,31.6851700987709,37.635619277822,39.7,46.3497296024519,50.7,12.39927,1,0,0,0.894031565819823,-12.2,1
"371","Florida","Representative","11",0,12,0,0,1,0,0,34.4,184.34,1,0,1,-10.8572833378209,48.9859758767958,60.8,33.7588798262482,51.1,10.99759,1,0,0,0.0106465565043806,-16.8,0
"372","Florida","Representative","12",0,12,0,0,1,0,0,24.1,184.34,1,0,1,-28.659900464128,36.23862988108,77.8,31.8786224394152,51,10.87248,1,0,0,0.00989626066334731,-12,0
"373","Florida","Representative","13",0,12,0,0,0,1,0,35.2,184.34,1,0,0,-6.74859113950097,41.9884562473832,76.4,31.2202122662683,51.4,12.18172,1,0,0,0.505074381740731,-1.2,0
"374","Florida","Representative","14",0,12,0,0,1,0,0,40.9,184.34,0,1,0,19.115935325482,41.8955336866011,52,40.943570290374,52,12.15817,1,0,0,0.846883086792305,-5.4,1
"375","Florida","Representative","15",0,12,0,0,0,1,0,32.6,184.34,0,0,0,-3.12727785109052,41.442181014108,55.3,40.5771772507064,49.9,11.70438,1,0,0,0.463289725079431,-13.9,0
"376","Florida","Representative","16",0,12,0,0,1,0,0,35.7,184.34,0,0,1,-8.86831671828662,48.5998455639227,63.7,34.4612171920875,51.1,11.5819,1,0,0,0.00230177708722779,-15.4,0
"377","Florida","Representative","17",0,12,0,0,1,0,0,32.2,184.34,1,0,1,-15.9226078279188,43.2199101711297,78.6,26.5976725072243,51.2,11.13713,1,0,0,0.0198446367630145,-12.3,0
"378","Florida","Representative","19",0,12,0,0,1,0,0,36.8,184.34,1,0,1,-21.0184102020992,46.6716294068839,70.8,28.4846286617976,51,11.42951,1,0,0,0.018290258837687,-14.9,0
"379","Florida","Representative","20",0,12,0,0,1,0,0,24.8,184.34,0,1,0,52.2641023027716,33.9743728023815,22.8,38.8735758422324,52.2,12.52127,1,0,0,0.801720021487834,-7.8,1
"380","Florida","Representative","21",0,12,0,0,1,0,0,36.7,184.34,1,0,1,-9.42443545805777,47.3205829861317,68.4,31.0603620065067,50.6,11.32203,1,0,0,0.0354515953645351,-17.6,0
"381","Florida","Representative","22",0,12,0,0,1,0,0,37.4,184.34,0,1,0,17.5823533893785,46.2842899337168,50.4,33.6970517242938,50.9,12.34584,1,0,0,0.612066069152248,-7.4,1
"382","Florida","Representative","23",0,12,0,0,0,0,0,43.9,184.34,0,0,0,13.1645998427197,47.5476100048831,56.1,35.8066617045032,51,12.53913,1,0,0,0.84504388064841,-8.4,1
"383","Florida","Representative","24",0,12,0,0,1,0,0,29.5,184.34,1,1,0,48.9650051613916,33.2785628606511,23.1,39.9603801811041,50.9,12.99463,1,0,0,0.887039007700846,-5.5,1
"384","Florida","Representative","25",0,12,0,0,0,0,1,40.9,184.34,0,1,0,19.8716352240417,50.1763714765112,46.6,38.0741465547303,50.3,12.59246,1,0,0,0.641821208442134,-9.8,1
"385","Florida","Representative","26",0,12,0,0,1,0,0,29.1,184.34,1,0,1,-18.2997559947366,40.225748048923,31.1,37.2866999798883,50.2,12.35861,1,0,0,0.0922177982149425,-23.5,0
"386","Florida","Representative","27",0,12,0,0,0,0,1,41.9,184.34,0,0,1,-0.31913209402315,44.1860858160775,29.1,38.6262324277925,51.7,12.86377,1,0,0,0.474016336281401,-14.3,0
"387","Florida","Representative","28",0,12,0,0,0,0,0,28.5,184.34,1,0,1,-6.33511850302158,43.4303061559379,28.2,37.2668699041041,50.7,11.99153,1,0,0,0.142207060904495,-21,0
"388","New York","Representative","1",0,14,0,0,1,0,0,48.4,51.5,0,0,0,0.212975441487612,68.9988205953985,77,35.2427057538798,49.9,11.83754,0,0,0,1,-11.2,0
"389","New York","Representative","2",0,14,0,0,1,0,0,33.2,51.5,0,0,1,-1.49708301175924,66.369969509117,59.9,38.2181118189566,51,12.21863,0,0,0,0.619133180986473,-20,0
"390","New York","Representative","3",0,14,0,0,0,0,0,52.5,51.5,1,0,0,8.14781789764757,68.5109860446541,59,33.9009105790874,51.3,12.46215,0,0,0,0.709459423096173,-15.7,0
"391","New York","Representative","4",0,14,0,0,1,0,0,44.9,51.5,0,0,0,14.5014647561225,70.0763751134383,52.4,37.4579800991683,50.6,13.14159,0,0,0,0.529597450727921,-18.2,0
"392","New York","Representative","5",0,14,0,0,0,0,0,27.4,51.5,0,1,0,62.3691231531511,49.1264779992253,14.9,38.4307118972867,52.2,13.78018,0,0,0,0.874477119886245,-12.1,1
"393","New York","Representative","6",0,14,0,0,1,0,0,39.1,51.5,0,1,0,30.225429809826,47.2731011693294,28.9,35.6528464716778,50.6,14.4845,0,0,0,0.997238377712603,-2.4,1
"394","New York","Representative","7",0,14,0,0,1,0,0,46.2,51.5,0,1,0,62.2926443938479,52.522714425556,38.4,51.402328694424,51.3,14.85414,0,0,0,1,-1.3,1
"395","New York","Representative","8",0,14,0,0,0,0,0,34.6,51.5,0,1,0,53.0157887131984,40.1288648168517,29.5,38.9481182476552,54.4,14.51535,0,0,0,0.997915886427334,-9.8,1
"396","New York","Representative","10",0,14,0,0,0,1,0,61.4,51.5,0,0,0,70.9627985993135,57.4914663857028,52.3,47.349759172165,50.7,14.653,0,0,0,0.99945909277768,-2.8,1
"397","New York","Representative","11",0,14,0,0,0,1,0,37.8,51.5,1,0,1,-7.61723310581013,50.9086033319801,54.5,38.249237488683,50.5,13.62688,0,0,0,0.506691907306886,-15.8,0
"398","New York","Representative","12",0,14,0,0,0,0,0,77.7,51.5,0,1,0,71.041256451782,66.4522660453764,66.9,43.4030365869575,52.6,14.9034,0,0,0,0.996632584338456,-7.7,1
"399","New York","Representative","14",0,14,0,0,0,0,1,28.4,51.5,1,1,0,56.4120709917051,36.878567651747,21.4,42.8480929013871,50.2,14.64697,0,0,0,0.797043191415482,-13.3,1
"400","New York","Representative","15",0,14,0,0,0,0,0,23,51.5,0,1,0,69.8030918241207,27.1957148160588,13.1,41.765098057336,53.5,14.65565,0,0,0,1,-4.5,1
"401","New York","Representative","16",0,14,0,0,0,1,0,50.6,51.5,0,1,0,43.6826373868431,59.1980154184558,43.6,38.0746700451259,52,13.2321,0,0,0,1,-15.2,1
"402","New York","Representative","17",0,14,0,0,0,0,0,49.6,51.5,0,1,0,10.0400267706484,65.7517748234796,67.1,36.5291616923015,50.3,11.44308,0,0,0,0.744345002334103,-10.7,0
"403","New York","Representative","18",0,14,0,0,0,0,0,37.3,51.5,0,0,0,8.34949474328876,55.944553356118,66.5,39.0692207372542,50.1,10.77794,0,0,0,0.818644905974909,-7.1,1
"404","New York","Representative","19",0,14,0,0,0,0,0,34.6,51.5,0,0,0,4.62046903237927,42.0527099181813,83,38.5028330539217,50.2,10.01977,0,0,0,0.689105806789432,-6.2,0
"405","New York","Representative","20",0,14,0,0,0,1,0,42,51.5,1,1,0,19.1175101622863,51.7866661792971,75.7,40.4504940590289,51.4,11.2734,0,0,0,0.481910811348439,-9.1,1
"406","New York","Representative","21",0,14,0,0,0,1,0,26.5,51.5,1,0,1,-12.3615214686262,41.4408926928668,88.4,36.8829225386122,48.1,8.77082,0,0,0,0.395630310767966,-5.9,0
"407","New York","Representative","22",0,14,0,0,0,0,0,34.1,51.5,0,0,0,7.44805168638934,42.3072068262574,78,38.022072330766,50.9,10.73647,0,0,0,0.767746678010738,-8.4,0
"408","New York","Representative","23",0,14,0,0,0,0,0,31,51.5,0,0,0,-17.1957283688349,41.9972732014262,89.7,34.5790466843849,49.8,9.27141,0,0,0,0.180813543011421,-12.7,0
"409","New York","Representative","24",0,14,0,0,0,1,0,26.8,51.5,0,0,1,-17.1792132930932,42.4121090410567,88.4,36.2251522742425,49.3,9.59475,0,0,0,0.0651723297332572,-14.2,0
"410","New York","Representative","25",0,14,0,0,0,0,0,39.8,51.5,0,1,0,19.625597512194,43.2864455997234,70.9,39.32242385674,51.5,11.80862,0,0,0,0.719811358603722,-12,1
"411","New York","Representative","26",0,14,0,0,0,0,0,36.7,51.5,0,1,0,23.3813273087968,38.378918667956,68.9,40.590749742614,51.7,12.32544,0,0,0,0.977502643439396,4.5,1
"412","Massachusetts","Representative","1",0,8,0,0,0,0,0,33.6,36.5,0,1,0,21.5844224315364,43.639870365979,72.2,37.8986837781944,51.5,11.06145,0,0,0,0.981360456022903,1.5,1
"413","Massachusetts","Representative","2",0,8,0,0,0,0,0,47.3,36.5,0,1,0,30.6843794650943,56.1449452706882,72.7,41.1269181340147,51.6,11.14515,0,0,0,0.790977343186132,1.7,1
"414","Massachusetts","Representative","3",0,8,0,0,1,0,0,38.6,36.5,0,1,0,27.3022693989246,54.4371657890353,64.7,38.2845058799257,50.5,11.50051,0,0,0,0.929674425551705,-0.3,1
"415","Massachusetts","Representative","5",0,8,0,0,0,0,1,60.7,36.5,1,1,0,50.8760099432914,66.4417269777889,64.5,42.8022331441067,51.4,12.75613,0,0,0,0.88885116241911,-3.1,1
"416","Massachusetts","Representative","6",0,8,0,0,0,0,0,49.5,36.5,0,1,0,27.4783181711637,63.0103881938389,78.6,35.9946060133722,50.9,11.83451,0,0,0,0.965486784606608,0.2,1
"417","Massachusetts","Representative","7",0,8,0,0,1,0,0,47.6,36.5,1,1,0,72.1119744087395,50.3543882278614,39.8,53.8224416731544,51.5,13.54608,0,0,0,1,-2.9,1
"418","Massachusetts","Representative","8",0,8,0,0,0,0,0,51.4,36.5,0,1,0,35.2840245064278,61.9320422346376,67.1,41.615564145954,51.3,12.42628,0,0,0,1,4.1,1
"419","Massachusetts","Representative","9",0,8,0,0,0,0,0,41.9,36.5,0,1,0,18.1088376142795,56.5727822624178,83.2,33.3284150710689,50.7,10.66888,0,0,0,0.815663014385654,0.2,1
"420","Delaware","Representative","0",0,16,0,0,1,0,0,35.6,90.98,0,1,0,18.9807741909883,47.7212528054674,60.8,37.0321830924153,51.6,11.04734,1,0,0,0.811733391652687,-6.5,1
"421","New Hampshire","Senator","0",0,15,0,0,1,0,0,40.2467277188347,48.44,1,1,0,7.3742929190516,56.9330652195334,87.9365035939732,37.2165570428051,50.0908572547574,9.92,0,0,0,0.867336454778269,1.8,1
"422","New Hampshire","Representative","1",0,15,0,0,0,1,0,42.4,48.44,1,1,0,5.92760876790063,59.2044475765406,87.4,38.304270082465,50.6,10.62228,0,0,0,0.504598776804971,2.1,1
"423","New Hampshire","Representative","2",0,15,0,0,1,0,0,38.1,48.44,0,1,0,8.83023200668938,54.5434802144804,88.4,36.119750435581,49.5,9.63994,0,0,0,0.927839828871243,2.8,1
"424","Rhode Island","Representative","1",0,13,0,0,0,0,0,35.9,38.25,0,1,0,28.9452604579544,47.3773234542479,64.7,40.9081152480806,51.1,12.00113,0,0,0,0.956383252810692,-0.9,1
"425","Rhode Island","Representative","2",0,13,0,0,0,0,0,37.1,38.25,0,0,0,13.6635888098954,51.3750752450518,76.8,38.7926070569002,51,11.521,0,0,0,0.577706119025399,-10,1
